source,data_type,tree_type,model,tree,backend,run,walltime,cputime,log_likelihood,tree_length,opt_time
baseline,AA,unrooted,LG,tree_1,OPENACC,4,31.015,30.664,-88901422.374,19.949,28.132
baseline,AA,unrooted,LG,tree_1,VANILA,8,291.329,284.498,-88901422.374,19.949,288.311
baseline,AA,unrooted,LG,tree_1,VANILA,6,284.223,277.14,-88901422.374,19.949,281.315
baseline,AA,unrooted,LG,tree_1,OMP_48,1,14.57,583.705,-88901422.374,19.949,13.352
baseline,AA,unrooted,LG,tree_1,OPENACC,5,31.979,31.542,-88901422.374,19.949,28.886
baseline,AA,unrooted,LG,tree_1,OMP_10,3,38.37,365.734,-88901422.374,19.949,37.111
baseline,AA,unrooted,LG,tree_1,OMP_48,6,20.414,663.648,-88901422.374,19.949,18.994
baseline,AA,unrooted,LG,tree_1,OMP_10,4,39.417,376.06,-88901422.374,19.949,38.114
baseline,AA,unrooted,LG,tree_1,VANILA,5,286.372,279.244,-88901422.374,19.949,283.427
baseline,AA,unrooted,LG,tree_1,OPENACC,7,30.761,30.408,-88901422.374,19.949,27.893
baseline,AA,unrooted,LG,tree_1,OPENACC,9,30.743,30.251,-88901422.374,19.949,27.771
baseline,AA,unrooted,LG,tree_1,OMP_48,9,15.165,591.63,-88901422.374,19.949,13.942
baseline,AA,unrooted,LG,tree_1,OPENACC,6,31.644,31.267,-88901422.374,19.949,28.671
baseline,AA,unrooted,LG,tree_1,OPENACC,8,30.432,30.084,-88901422.374,19.949,27.643
baseline,AA,unrooted,LG,tree_1,OMP_10,10,38.403,365.935,-88901422.374,19.949,37.144
baseline,AA,unrooted,LG,tree_1,OMP_10,2,67.275,428.673,-88901422.374,19.949,65.192
baseline,AA,unrooted,LG,tree_1,VANILA,3,281.718,274.894,-88901422.374,19.949,278.752
baseline,AA,unrooted,LG,tree_1,OPENACC,1,30.905,30.57,-88901422.374,19.949,28.019
baseline,AA,unrooted,LG,tree_1,OPENACC,10,30.827,30.457,-88901422.374,19.949,27.935
baseline,AA,unrooted,LG,tree_1,OMP_48,8,14.853,603.176,-88901422.374,19.949,13.492
baseline,AA,unrooted,LG,tree_1,OPENACC,3,31.215,30.846,-88901422.374,19.949,28.33
baseline,AA,unrooted,LG,tree_1,OPENACC,2,30.629,30.247,-88901422.374,19.949,27.767
baseline,AA,unrooted,LG,tree_1,OMP_10,5,38.656,350.381,-88901422.374,19.949,37.327
baseline,AA,unrooted,LG,tree_1,OMP_48,7,15.413,626.363,-88901422.374,19.949,13.978
baseline,AA,unrooted,LG,tree_1,OMP_48,10,14.285,588.005,-88901422.374,19.949,12.916
baseline,AA,unrooted,LG,tree_1,OPENACC,3,30.746,30.382,-88901422.374,19.949,27.876
baseline,AA,unrooted,LG,tree_1,VANILA,1,276.523,269.771,-88901422.374,19.949,273.691
baseline,AA,unrooted,LG,tree_1,OMP_10,6,37.493,345.833,-88901422.374,19.949,36.24
baseline,AA,unrooted,LG,tree_1,OPENACC,2,32.29,31.866,-88901422.374,19.949,29.171
baseline,AA,unrooted,LG,tree_1,OMP_48,4,16.217,577.638,-88901422.374,19.949,13.184
baseline,AA,unrooted,LG,tree_1,OMP_10,9,38.319,365.443,-88901422.374,19.949,37.09
baseline,AA,unrooted,LG,tree_1,OMP_10,1,38.61,368.619,-88901422.374,19.949,37.367
baseline,AA,unrooted,LG,tree_1,OMP_48,3,14.121,578.844,-88901422.374,19.949,12.678
baseline,AA,unrooted,LG,tree_1,VANILA,2,284.46,277.61,-88901422.374,19.949,281.471
baseline,AA,unrooted,LG,tree_1,OPENACC,1,30.909,30.529,-88901422.374,19.949,27.989
baseline,AA,unrooted,LG,tree_1,OMP_10,8,36.304,333.871,-88901422.374,19.949,35.054
baseline,AA,unrooted,LG,tree_1,OMP_48,5,18.564,630.743,-88901422.374,19.949,17.183
baseline,AA,unrooted,LG,tree_1,OPENACC,9,30.551,30.206,-88901422.374,19.949,27.744
baseline,AA,unrooted,LG,tree_1,OPENACC,7,30.818,30.444,-88901422.374,19.949,27.939
baseline,AA,unrooted,LG,tree_1,OMP_10,7,38.356,365.322,-88901422.374,19.949,37.115
baseline,AA,unrooted,LG,tree_1,VANILA,4,285.185,278.647,-88901422.374,19.949,282.157
baseline,AA,unrooted,LG,tree_1,VANILA,10,282.798,276.389,-88901422.374,19.949,279.944
baseline,AA,unrooted,LG,tree_1,OPENACC,8,31.903,31.487,-88901422.374,19.949,28.866
baseline,AA,unrooted,LG,tree_1,OPENACC,6,32.119,31.721,-88901422.374,19.949,29.048
baseline,AA,unrooted,LG,tree_1,OPENACC,4,31.099,30.681,-88901422.374,19.949,28.21
baseline,AA,unrooted,LG,tree_1,OPENACC,5,31.616,31.254,-88901422.374,19.949,28.649
baseline,AA,unrooted,LG,tree_1,VANILA,7,281.219,274.13,-88901422.374,19.949,278.094
baseline,AA,unrooted,LG,tree_1,VANILA,9,291.16,284.376,-88901422.374,19.949,288.233
baseline,AA,unrooted,LG,tree_1,OMP_48,2,13.975,581.843,-88901422.374,19.949,12.619
baseline,AA,unrooted,LG,tree_1,OPENACC,10,30.313,29.965,-88901422.374,19.949,27.523
baseline,AA,unrooted,LG,tree_10,OMP_48,8,14.911,607.887,-86714228.485,19.208,13.499
baseline,AA,unrooted,LG,tree_10,OMP_48,10,14.778,604.025,-86714228.485,19.208,13.338
baseline,AA,unrooted,LG,tree_10,OMP_48,2,14.853,607.484,-86714228.485,19.208,13.44
baseline,AA,unrooted,LG,tree_10,OMP_48,4,14.192,578.773,-86714228.485,19.208,12.709
baseline,AA,unrooted,LG,tree_10,OMP_10,2,39.915,359.601,-86714228.485,19.208,38.185
baseline,AA,unrooted,LG,tree_10,OMP_10,4,39.82,379.504,-86714228.485,19.208,38.545
baseline,AA,unrooted,LG,tree_10,OMP_10,8,37.073,337.883,-86714228.485,19.208,35.756
baseline,AA,unrooted,LG,tree_10,OMP_48,9,15.206,617.397,-86714228.485,19.208,13.741
baseline,AA,unrooted,LG,tree_10,OMP_48,5,17.178,623.24,-86714228.485,19.208,14.579
baseline,AA,unrooted,LG,tree_10,OMP_48,3,17.8,622.39,-86714228.485,19.208,16.456
baseline,AA,unrooted,LG,tree_10,OMP_10,5,35.728,327.96,-86714228.485,19.208,34.515
baseline,AA,unrooted,LG,tree_10,OMP_10,3,38.058,363.066,-86714228.485,19.208,36.838
baseline,AA,unrooted,LG,tree_10,OMP_10,9,38.355,364.685,-86714228.485,19.208,37.102
baseline,AA,unrooted,LG,tree_10,OMP_48,6,19.722,673.613,-86714228.485,19.208,18.343
baseline,AA,unrooted,LG,tree_10,OMP_10,10,38.422,365.875,-86714228.485,19.208,37.18
baseline,AA,unrooted,LG,tree_10,OMP_10,6,60.973,401.914,-86714228.485,19.208,59.613
baseline,AA,unrooted,LG,tree_10,OMP_48,7,19.436,647.328,-86714228.485,19.208,18.06
baseline,AA,unrooted,LG,tree_10,OMP_48,1,18.123,637.409,-86714228.485,19.208,16.807
baseline,AA,unrooted,LG,tree_10,OMP_10,7,38.159,364.041,-86714228.485,19.208,36.912
baseline,AA,unrooted,LG,tree_10,OMP_10,1,38.309,365.436,-86714228.485,19.208,37.065
baseline,AA,unrooted,LG,tree_2,OPENACC,1,24.07,23.695,-90504713.177,20.312,21.205
baseline,AA,unrooted,LG,tree_2,OMP_10,4,30.583,288.504,-90504713.177,20.312,29.308
baseline,AA,unrooted,LG,tree_2,VANILA,2,219.924,213.314,-90504713.177,20.312,217.055
baseline,AA,unrooted,LG,tree_2,OMP_48,9,11.555,459.643,-90504713.177,20.312,10.044
baseline,AA,unrooted,LG,tree_2,OMP_48,6,11.418,445.763,-90504713.177,20.312,10.183
baseline,AA,unrooted,LG,tree_2,OMP_10,3,29.796,281.026,-90504713.177,20.312,28.539
baseline,AA,unrooted,LG,tree_2,OPENACC,2,24.798,24.413,-90504713.177,20.312,21.77
baseline,AA,unrooted,LG,tree_2,OPENACC,3,23.963,23.589,-90504713.177,20.312,21.077
baseline,AA,unrooted,LG,tree_2,VANILA,1,212.665,206.366,-90504713.177,20.312,209.917
baseline,AA,unrooted,LG,tree_2,OMP_48,1,11.656,452.497,-90504713.177,20.312,10.45
baseline,AA,unrooted,LG,tree_2,OMP_48,10,13.348,468.661,-90504713.177,20.312,12.122
baseline,AA,unrooted,LG,tree_2,OPENACC,10,23.594,23.241,-90504713.177,20.312,20.83
baseline,AA,unrooted,LG,tree_2,OMP_48,7,11.589,450.793,-90504713.177,20.312,10.353
baseline,AA,unrooted,LG,tree_2,OMP_48,8,15.711,500.071,-90504713.177,20.312,14.346
baseline,AA,unrooted,LG,tree_2,OPENACC,5,24.266,23.9,-90504713.177,20.312,21.361
baseline,AA,unrooted,LG,tree_2,VANILA,9,220.888,214.38,-90504713.177,20.312,217.78
baseline,AA,unrooted,LG,tree_2,VANILA,7,214.832,208.16,-90504713.177,20.312,211.446
baseline,AA,unrooted,LG,tree_2,OMP_10,5,29.829,268.154,-90504713.177,20.312,28.544
baseline,AA,unrooted,LG,tree_2,OPENACC,4,24.174,23.823,-90504713.177,20.312,21.258
baseline,AA,unrooted,LG,tree_2,VANILA,10,216.488,210.304,-90504713.177,20.312,213.501
baseline,AA,unrooted,LG,tree_2,VANILA,4,220.683,214.555,-90504713.177,20.312,217.816
baseline,AA,unrooted,LG,tree_2,OPENACC,6,24.93,24.53,-90504713.177,20.312,21.859
baseline,AA,unrooted,LG,tree_2,OPENACC,8,24.71,24.293,-90504713.177,20.312,21.69
baseline,AA,unrooted,LG,tree_2,OPENACC,7,24.037,23.665,-90504713.177,20.312,21.152
baseline,AA,unrooted,LG,tree_2,OPENACC,9,23.831,23.481,-90504713.177,20.312,21.014
baseline,AA,unrooted,LG,tree_2,OMP_10,10,29.804,281.056,-90504713.177,20.312,28.52
baseline,AA,unrooted,LG,tree_2,OMP_10,2,50.739,330.705,-90504713.177,20.312,49.001
baseline,AA,unrooted,LG,tree_2,OPENACC,8,23.713,23.362,-90504713.177,20.312,20.92
baseline,AA,unrooted,LG,tree_2,OPENACC,6,24.832,24.428,-90504713.177,20.312,21.767
baseline,AA,unrooted,LG,tree_2,OMP_48,3,11.399,454.021,-90504713.177,20.312,9.955
baseline,AA,unrooted,LG,tree_2,VANILA,5,220.6,213.739,-90504713.177,20.312,217.421
baseline,AA,unrooted,LG,tree_2,OPENACC,9,23.836,23.405,-90504713.177,20.312,20.952
baseline,AA,unrooted,LG,tree_2,OPENACC,7,23.694,23.371,-90504713.177,20.312,20.883
baseline,AA,unrooted,LG,tree_2,OMP_10,1,29.969,282.506,-90504713.177,20.312,28.647
baseline,AA,unrooted,LG,tree_2,OMP_48,4,11.25,449.444,-90504713.177,20.312,9.848
baseline,AA,unrooted,LG,tree_2,OMP_10,9,29.898,280.909,-90504713.177,20.312,28.511
baseline,AA,unrooted,LG,tree_2,OPENACC,5,25.017,24.602,-90504713.177,20.312,21.894
baseline,AA,unrooted,LG,tree_2,OPENACC,4,23.915,23.527,-90504713.177,20.312,21.058
baseline,AA,unrooted,LG,tree_2,VANILA,6,219.261,212.464,-90504713.177,20.312,216.12
baseline,AA,unrooted,LG,tree_2,VANILA,8,224.057,217.453,-90504713.177,20.312,220.868
baseline,AA,unrooted,LG,tree_2,OMP_10,6,48.037,313.799,-90504713.177,20.312,46.667
baseline,AA,unrooted,LG,tree_2,OPENACC,2,24.038,23.659,-90504713.177,20.312,21.135
baseline,AA,unrooted,LG,tree_2,OPENACC,3,24.013,23.643,-90504713.177,20.312,21.131
baseline,AA,unrooted,LG,tree_2,OMP_48,2,12.529,481.993,-90504713.177,20.312,10.796
baseline,AA,unrooted,LG,tree_2,VANILA,3,221.36,214.678,-90504713.177,20.312,218.243
baseline,AA,unrooted,LG,tree_2,OPENACC,10,24.006,23.644,-90504713.177,20.312,21.142
baseline,AA,unrooted,LG,tree_2,OPENACC,1,23.93,23.57,-90504713.177,20.312,21.035
baseline,AA,unrooted,LG,tree_2,OMP_10,7,29.675,280.217,-90504713.177,20.312,28.462
baseline,AA,unrooted,LG,tree_2,OMP_10,8,28.444,258.444,-90504713.177,20.312,27.108
baseline,AA,unrooted,LG,tree_2,OMP_48,5,12.052,480.556,-90504713.177,20.312,10.612
baseline,AA,unrooted,LG,tree_3,OMP_10,2,66.449,426.117,-87357001.171,19.421,64.552
baseline,AA,unrooted,LG,tree_3,OMP_10,10,39.342,374.042,-87357001.171,19.421,38.068
baseline,AA,unrooted,LG,tree_3,OPENACC,8,30.275,29.926,-87357001.171,19.421,27.442
baseline,AA,unrooted,LG,tree_3,OPENACC,6,31.628,31.206,-87357001.171,19.421,28.651
baseline,AA,unrooted,LG,tree_3,OPENACC,9,30.788,30.388,-87357001.171,19.421,27.85
baseline,AA,unrooted,LG,tree_3,OPENACC,7,30.816,30.481,-87357001.171,19.421,27.921
baseline,AA,unrooted,LG,tree_3,OPENACC,5,31.822,31.394,-87357001.171,19.421,28.729
baseline,AA,unrooted,LG,tree_3,OMP_10,5,39.46,362.091,-87357001.171,19.421,38.17
baseline,AA,unrooted,LG,tree_3,OPENACC,4,30.616,30.249,-87357001.171,19.421,27.768
baseline,AA,unrooted,LG,tree_3,OMP_48,8,14.642,570.499,-87357001.171,19.421,13.33
baseline,AA,unrooted,LG,tree_3,OMP_48,7,16.641,661.068,-87357001.171,19.421,15.232
baseline,AA,unrooted,LG,tree_3,OMP_48,10,18.361,622.292,-87357001.171,19.421,17.015
baseline,AA,unrooted,LG,tree_3,OPENACC,2,30.642,30.247,-87357001.171,19.421,27.795
baseline,AA,unrooted,LG,tree_3,OMP_48,1,13.971,576.212,-87357001.171,19.421,12.577
baseline,AA,unrooted,LG,tree_3,OPENACC,3,30.724,30.356,-87357001.171,19.421,27.831
baseline,AA,unrooted,LG,tree_3,OMP_10,3,39.239,373.237,-87357001.171,19.421,37.992
baseline,AA,unrooted,LG,tree_3,OMP_48,6,13.984,569.798,-87357001.171,19.421,12.535
baseline,AA,unrooted,LG,tree_3,OMP_48,9,19.546,625.708,-87357001.171,19.421,18.067
baseline,AA,unrooted,LG,tree_3,OPENACC,1,30.675,30.309,-87357001.171,19.421,27.821
baseline,AA,unrooted,LG,tree_3,OPENACC,10,30.545,30.167,-87357001.171,19.421,27.653
baseline,AA,unrooted,LG,tree_3,OMP_10,4,40.421,383.42,-87357001.171,19.421,39.068
baseline,AA,unrooted,LG,tree_3,OMP_48,5,15.892,612.972,-87357001.171,19.421,14.433
baseline,AA,unrooted,LG,tree_3,OMP_10,8,64.886,391.759,-87357001.171,19.421,63.496
baseline,AA,unrooted,LG,tree_3,OPENACC,1,30.814,30.462,-87357001.171,19.421,27.931
baseline,AA,unrooted,LG,tree_3,OMP_10,7,39.24,373.032,-87357001.171,19.421,37.976
baseline,AA,unrooted,LG,tree_3,OPENACC,2,31.949,31.524,-87357001.171,19.421,28.906
baseline,AA,unrooted,LG,tree_3,OMP_48,2,15.419,607.151,-87357001.171,19.421,14.152
baseline,AA,unrooted,LG,tree_3,OPENACC,3,30.54,30.158,-87357001.171,19.421,27.674
baseline,AA,unrooted,LG,tree_3,OPENACC,5,31.011,30.647,-87357001.171,19.421,28.095
baseline,AA,unrooted,LG,tree_3,OMP_10,6,60.389,401.842,-87357001.171,19.421,59.039
baseline,AA,unrooted,LG,tree_3,OPENACC,4,30.687,30.332,-87357001.171,19.421,27.826
baseline,AA,unrooted,LG,tree_3,OPENACC,10,30.139,29.741,-87357001.171,19.421,27.354
baseline,AA,unrooted,LG,tree_3,OMP_10,9,39.312,373.42,-87357001.171,19.421,38.031
baseline,AA,unrooted,LG,tree_3,OMP_48,4,16.554,613.444,-87357001.171,19.421,15.324
baseline,AA,unrooted,LG,tree_3,OMP_10,1,39.664,376.66,-87357001.171,19.421,38.318
baseline,AA,unrooted,LG,tree_3,OPENACC,6,31.834,31.435,-87357001.171,19.421,28.774
baseline,AA,unrooted,LG,tree_3,OPENACC,8,31.21,30.834,-87357001.171,19.421,28.256
baseline,AA,unrooted,LG,tree_3,OPENACC,7,30.655,30.265,-87357001.171,19.421,27.778
baseline,AA,unrooted,LG,tree_3,OPENACC,9,30.214,29.894,-87357001.171,19.421,27.415
baseline,AA,unrooted,LG,tree_3,OMP_48,3,14.243,585.374,-87357001.171,19.421,12.834
baseline,AA,unrooted,LG,tree_4,OMP_10,2,66.388,432.402,-87712627.079,20.39,64.837
baseline,AA,unrooted,LG,tree_4,OPENACC,7,30.648,30.22,-87712627.079,20.39,27.729
baseline,AA,unrooted,LG,tree_4,OPENACC,9,30.599,30.249,-87712627.079,20.39,27.708
baseline,AA,unrooted,LG,tree_4,OPENACC,6,32.043,31.601,-87712627.079,20.39,28.925
baseline,AA,unrooted,LG,tree_4,OPENACC,8,31.738,31.321,-87712627.079,20.39,28.689
baseline,AA,unrooted,LG,tree_4,OMP_10,10,39.51,376.02,-87712627.079,20.39,38.262
baseline,AA,unrooted,LG,tree_4,OPENACC,4,30.966,30.592,-87712627.079,20.39,28.072
baseline,AA,unrooted,LG,tree_4,OMP_48,7,14.987,617.784,-87712627.079,20.39,13.583
baseline,AA,unrooted,LG,tree_4,OPENACC,5,30.948,30.586,-87712627.079,20.39,28.058
baseline,AA,unrooted,LG,tree_4,OMP_48,10,17.655,639.448,-87712627.079,20.39,16.388
baseline,AA,unrooted,LG,tree_4,OMP_10,5,38.017,347.313,-87712627.079,20.39,36.749
baseline,AA,unrooted,LG,tree_4,OPENACC,10,30.229,29.866,-87712627.079,20.39,27.44
baseline,AA,unrooted,LG,tree_4,OMP_48,8,15.758,615.912,-87712627.079,20.39,14.473
baseline,AA,unrooted,LG,tree_4,OPENACC,3,30.679,30.313,-87712627.079,20.39,27.801
baseline,AA,unrooted,LG,tree_4,OPENACC,2,31.98,31.522,-87712627.079,20.39,28.864
baseline,AA,unrooted,LG,tree_4,OMP_10,3,39.361,374.888,-87712627.079,20.39,38.093
baseline,AA,unrooted,LG,tree_4,OMP_48,1,14.607,601.617,-87712627.079,20.39,13.164
baseline,AA,unrooted,LG,tree_4,OMP_48,9,14.617,608.017,-87712627.079,20.39,13.101
baseline,AA,unrooted,LG,tree_4,OMP_10,4,39.984,380.102,-87712627.079,20.39,38.726
baseline,AA,unrooted,LG,tree_4,OMP_48,6,14.919,604.671,-87712627.079,20.39,13.652
baseline,AA,unrooted,LG,tree_4,OPENACC,1,30.841,30.486,-87712627.079,20.39,27.97
baseline,AA,unrooted,LG,tree_4,OMP_10,7,39.387,374.884,-87712627.079,20.39,38.135
baseline,AA,unrooted,LG,tree_4,OMP_48,5,15.737,593.664,-87712627.079,20.39,13.555
baseline,AA,unrooted,LG,tree_4,OPENACC,1,30.431,30.067,-87712627.079,20.39,27.629
baseline,AA,unrooted,LG,tree_4,OPENACC,10,30.713,30.336,-87712627.079,20.39,27.849
baseline,AA,unrooted,LG,tree_4,OMP_10,8,38.809,352.862,-87712627.079,20.39,37.528
baseline,AA,unrooted,LG,tree_4,OPENACC,3,30.787,30.416,-87712627.079,20.39,27.893
baseline,AA,unrooted,LG,tree_4,OPENACC,2,30.476,30.101,-87712627.079,20.39,27.646
baseline,AA,unrooted,LG,tree_4,OMP_48,2,14.784,606.28,-87712627.079,20.39,13.356
baseline,AA,unrooted,LG,tree_4,OPENACC,4,30.376,30.017,-87712627.079,20.39,27.568
baseline,AA,unrooted,LG,tree_4,OMP_10,9,39.558,375.639,-87712627.079,20.39,38.301
baseline,AA,unrooted,LG,tree_4,OPENACC,5,31.779,31.36,-87712627.079,20.39,28.752
baseline,AA,unrooted,LG,tree_4,OMP_48,4,15.18,636.898,-87712627.079,20.39,13.749
baseline,AA,unrooted,LG,tree_4,OMP_10,6,41.682,370.854,-87712627.079,20.39,40.373
baseline,AA,unrooted,LG,tree_4,OMP_48,3,18.698,658.699,-87712627.079,20.39,17.319
baseline,AA,unrooted,LG,tree_4,OPENACC,9,30.65,30.168,-87712627.079,20.39,27.651
baseline,AA,unrooted,LG,tree_4,OPENACC,7,30.619,30.263,-87712627.079,20.39,27.758
baseline,AA,unrooted,LG,tree_4,OMP_10,1,39.658,377.388,-87712627.079,20.39,38.352
baseline,AA,unrooted,LG,tree_4,OPENACC,8,30.559,30.21,-87712627.079,20.39,27.741
baseline,AA,unrooted,LG,tree_4,OPENACC,6,31.903,31.475,-87712627.079,20.39,28.873
baseline,AA,unrooted,LG,tree_5,OMP_48,6,17.757,624.961,-86382770.364,19.61,16.446
baseline,AA,unrooted,LG,tree_5,OPENACC,10,30.292,29.916,-86382770.364,19.61,27.444
baseline,AA,unrooted,LG,tree_5,OPENACC,1,30.207,29.843,-86382770.364,19.61,27.346
baseline,AA,unrooted,LG,tree_5,OMP_10,4,39.502,375.813,-86382770.364,19.61,38.215
baseline,AA,unrooted,LG,tree_5,OMP_48,9,15.14,630.022,-86382770.364,19.61,13.643
baseline,AA,unrooted,LG,tree_5,OMP_48,1,15.352,622.852,-86382770.364,19.61,14.115
baseline,AA,unrooted,LG,tree_5,OMP_10,3,38.557,367.178,-86382770.364,19.61,37.319
baseline,AA,unrooted,LG,tree_5,OPENACC,3,30.475,30.106,-86382770.364,19.61,27.586
baseline,AA,unrooted,LG,tree_5,OPENACC,2,30.367,30.004,-86382770.364,19.61,27.498
baseline,AA,unrooted,LG,tree_5,OMP_48,8,18.484,643.36,-86382770.364,19.61,17.149
baseline,AA,unrooted,LG,tree_5,OMP_10,5,36.933,338.447,-86382770.364,19.61,35.641
baseline,AA,unrooted,LG,tree_5,OMP_48,10,14.598,598.304,-86382770.364,19.61,13.165
baseline,AA,unrooted,LG,tree_5,OMP_48,7,16.719,639.549,-86382770.364,19.61,15.429
baseline,AA,unrooted,LG,tree_5,OPENACC,4,30.37,30.019,-86382770.364,19.61,27.491
baseline,AA,unrooted,LG,tree_5,OPENACC,5,31.3,30.918,-86382770.364,19.61,28.281
baseline,AA,unrooted,LG,tree_5,OPENACC,9,30.03,29.675,-86382770.364,19.61,27.206
baseline,AA,unrooted,LG,tree_5,OPENACC,7,30.157,29.796,-86382770.364,19.61,27.351
baseline,AA,unrooted,LG,tree_5,OMP_10,10,38.56,367.262,-86382770.364,19.61,37.312
baseline,AA,unrooted,LG,tree_5,OMP_10,2,66.732,433.918,-86382770.364,19.61,64.723
baseline,AA,unrooted,LG,tree_5,OPENACC,8,30.088,29.734,-86382770.364,19.61,27.229
baseline,AA,unrooted,LG,tree_5,OPENACC,6,31.634,31.212,-86382770.364,19.61,28.57
baseline,AA,unrooted,LG,tree_5,OPENACC,7,30.507,30.124,-86382770.364,19.61,27.605
baseline,AA,unrooted,LG,tree_5,OPENACC,9,30.003,29.658,-86382770.364,19.61,27.161
baseline,AA,unrooted,LG,tree_5,OMP_10,1,38.869,370.698,-86382770.364,19.61,37.654
baseline,AA,unrooted,LG,tree_5,OPENACC,6,31.529,31.088,-86382770.364,19.61,28.452
baseline,AA,unrooted,LG,tree_5,OPENACC,8,31.196,30.796,-86382770.364,19.61,28.172
baseline,AA,unrooted,LG,tree_5,OMP_48,3,20.561,722.519,-86382770.364,19.61,19.132
baseline,AA,unrooted,LG,tree_5,OPENACC,10,30.135,29.766,-86382770.364,19.61,27.297
baseline,AA,unrooted,LG,tree_5,OMP_10,6,58.374,399.462,-86382770.364,19.61,56.988
baseline,AA,unrooted,LG,tree_5,OMP_48,4,14.514,600.178,-86382770.364,19.61,13.089
baseline,AA,unrooted,LG,tree_5,OPENACC,4,30.581,30.204,-86382770.364,19.61,27.657
baseline,AA,unrooted,LG,tree_5,OPENACC,5,30.518,30.153,-86382770.364,19.61,27.636
baseline,AA,unrooted,LG,tree_5,OMP_10,9,38.65,367.359,-86382770.364,19.61,37.348
baseline,AA,unrooted,LG,tree_5,OMP_48,2,19.05,629.558,-86382770.364,19.61,17.697
baseline,AA,unrooted,LG,tree_5,OPENACC,3,30.293,29.835,-86382770.364,19.61,27.44
baseline,AA,unrooted,LG,tree_5,OPENACC,2,31.506,31.122,-86382770.364,19.61,28.46
baseline,AA,unrooted,LG,tree_5,OMP_10,8,37.399,342.069,-86382770.364,19.61,36.104
baseline,AA,unrooted,LG,tree_5,OMP_48,5,19.057,652.134,-86382770.364,19.61,17.708
baseline,AA,unrooted,LG,tree_5,OPENACC,1,30.399,30.014,-86382770.364,19.61,27.562
baseline,AA,unrooted,LG,tree_5,OMP_10,7,38.619,367.663,-86382770.364,19.61,37.342
baseline,AA,unrooted,LG,tree_6,OMP_10,3,39.9,377.862,-84301496.968,18.591,38.645
baseline,AA,unrooted,LG,tree_6,OPENACC,5,31.195,30.822,-84301496.968,18.591,28.28
baseline,AA,unrooted,LG,tree_6,OPENACC,4,30.885,30.519,-84301496.968,18.591,28.022
baseline,AA,unrooted,LG,tree_6,OPENACC,10,30.243,29.88,-84301496.968,18.591,27.469
baseline,AA,unrooted,LG,tree_6,OMP_48,1,15.207,620.806,-84301496.968,18.591,13.72
baseline,AA,unrooted,LG,tree_6,OMP_10,4,40.736,385.819,-84301496.968,18.591,39.467
baseline,AA,unrooted,LG,tree_6,OMP_48,9,18.797,631.173,-84301496.968,18.591,17.361
baseline,AA,unrooted,LG,tree_6,OPENACC,8,31.655,31.235,-84301496.968,18.591,28.676
baseline,AA,unrooted,LG,tree_6,OPENACC,6,31.91,31.472,-84301496.968,18.591,28.834
baseline,AA,unrooted,LG,tree_6,OMP_48,6,16.6,651.152,-84301496.968,18.591,15.325
baseline,AA,unrooted,LG,tree_6,OPENACC,9,30.391,30.073,-84301496.968,18.591,27.585
baseline,AA,unrooted,LG,tree_6,OPENACC,7,30.77,30.399,-84301496.968,18.591,27.907
baseline,AA,unrooted,LG,tree_6,OPENACC,1,31.107,30.74,-84301496.968,18.591,28.213
baseline,AA,unrooted,LG,tree_6,OMP_10,10,39.961,378.54,-84301496.968,18.591,38.712
baseline,AA,unrooted,LG,tree_6,OMP_10,2,66.077,431.836,-84301496.968,18.591,64.392
baseline,AA,unrooted,LG,tree_6,OMP_48,7,15.139,611.375,-84301496.968,18.591,13.898
baseline,AA,unrooted,LG,tree_6,OMP_48,10,14.868,608.039,-84301496.968,18.591,13.436
baseline,AA,unrooted,LG,tree_6,OPENACC,2,31.899,31.473,-84301496.968,18.591,28.839
baseline,AA,unrooted,LG,tree_6,OPENACC,3,30.655,30.291,-84301496.968,18.591,27.844
baseline,AA,unrooted,LG,tree_6,OMP_48,8,15.095,613.219,-84301496.968,18.591,13.846
baseline,AA,unrooted,LG,tree_6,OMP_10,5,37.442,348.739,-84301496.968,18.591,36.045
baseline,AA,unrooted,LG,tree_6,OMP_48,4,15.052,604.544,-84301496.968,18.591,13.866
baseline,AA,unrooted,LG,tree_6,OPENACC,2,30.734,30.337,-84301496.968,18.591,27.838
baseline,AA,unrooted,LG,tree_6,OPENACC,3,30.926,30.549,-84301496.968,18.591,28.156
baseline,AA,unrooted,LG,tree_6,OMP_10,9,39.879,377.905,-84301496.968,18.591,38.663
baseline,AA,unrooted,LG,tree_6,OMP_10,6,42.702,380.83,-84301496.968,18.591,41.324
baseline,AA,unrooted,LG,tree_6,OMP_48,3,14.46,595.049,-84301496.968,18.591,13.074
baseline,AA,unrooted,LG,tree_6,OPENACC,1,30.812,30.452,-84301496.968,18.591,27.961
baseline,AA,unrooted,LG,tree_6,OPENACC,10,30.832,30.449,-84301496.968,18.591,27.92
baseline,AA,unrooted,LG,tree_6,OMP_10,1,40.176,380.409,-84301496.968,18.591,38.875
baseline,AA,unrooted,LG,tree_6,OMP_10,7,39.781,377.319,-84301496.968,18.591,38.571
baseline,AA,unrooted,LG,tree_6,OMP_10,8,38.014,352.943,-84301496.968,18.591,36.443
baseline,AA,unrooted,LG,tree_6,OPENACC,6,31.795,31.373,-84301496.968,18.591,28.755
baseline,AA,unrooted,LG,tree_6,OPENACC,8,30.514,30.162,-84301496.968,18.591,27.701
baseline,AA,unrooted,LG,tree_6,OMP_48,5,15.255,613.759,-84301496.968,18.591,13.94
baseline,AA,unrooted,LG,tree_6,OPENACC,7,30.569,30.212,-84301496.968,18.591,27.728
baseline,AA,unrooted,LG,tree_6,OPENACC,9,30.616,30.196,-84301496.968,18.591,27.723
baseline,AA,unrooted,LG,tree_6,OPENACC,5,31.984,31.594,-84301496.968,18.591,28.916
baseline,AA,unrooted,LG,tree_6,OPENACC,4,30.554,30.206,-84301496.968,18.591,27.707
baseline,AA,unrooted,LG,tree_6,OMP_48,2,20.064,625.794,-84301496.968,18.591,16.781
baseline,AA,unrooted,LG,tree_7,OMP_10,5,36.036,330.219,-87134163.126,19.77,34.745
baseline,AA,unrooted,LG,tree_7,OMP_48,8,14.341,586.481,-87134163.126,19.77,12.929
baseline,AA,unrooted,LG,tree_7,OPENACC,2,30.231,29.831,-87134163.126,19.77,27.397
baseline,AA,unrooted,LG,tree_7,OMP_48,10,16.941,641.858,-87134163.126,19.77,15.349
baseline,AA,unrooted,LG,tree_7,OMP_48,7,19.15,642.416,-87134163.126,19.77,17.764
baseline,AA,unrooted,LG,tree_7,OPENACC,3,30.565,30.19,-87134163.126,19.77,27.708
baseline,AA,unrooted,LG,tree_7,OMP_10,2,67.01,431.571,-87134163.126,19.77,65.373
baseline,AA,unrooted,LG,tree_7,OPENACC,10,30.323,29.932,-87134163.126,19.77,27.452
baseline,AA,unrooted,LG,tree_7,OPENACC,1,30.2,29.836,-87134163.126,19.77,27.388
baseline,AA,unrooted,LG,tree_7,OMP_10,10,38.129,362.747,-87134163.126,19.77,36.879
baseline,AA,unrooted,LG,tree_7,OMP_48,6,19.376,636.239,-87134163.126,19.77,17.971
baseline,AA,unrooted,LG,tree_7,OPENACC,6,31.413,30.993,-87134163.126,19.77,28.415
baseline,AA,unrooted,LG,tree_7,OPENACC,8,30.085,29.736,-87134163.126,19.77,27.294
baseline,AA,unrooted,LG,tree_7,OPENACC,7,30.525,30.165,-87134163.126,19.77,27.661
baseline,AA,unrooted,LG,tree_7,OPENACC,9,30.471,30.026,-87134163.126,19.77,27.516
baseline,AA,unrooted,LG,tree_7,OMP_48,9,14.869,608.506,-87134163.126,19.77,13.449
baseline,AA,unrooted,LG,tree_7,OMP_10,4,39.095,371.826,-87134163.126,19.77,37.823
baseline,AA,unrooted,LG,tree_7,OMP_48,1,14.339,588.879,-87134163.126,19.77,12.969
baseline,AA,unrooted,LG,tree_7,OMP_10,3,37.993,361.819,-87134163.126,19.77,36.775
baseline,AA,unrooted,LG,tree_7,OPENACC,4,30.065,29.726,-87134163.126,19.77,27.266
baseline,AA,unrooted,LG,tree_7,OMP_48,2,16.077,652.247,-87134163.126,19.77,14.531
baseline,AA,unrooted,LG,tree_7,OPENACC,10,29.9,29.541,-87134163.126,19.77,27.125
baseline,AA,unrooted,LG,tree_7,OPENACC,5,30.446,30.082,-87134163.126,19.77,27.577
baseline,AA,unrooted,LG,tree_7,OPENACC,4,30.195,29.85,-87134163.126,19.77,27.341
baseline,AA,unrooted,LG,tree_7,OPENACC,8,31.061,30.642,-87134163.126,19.77,28.109
baseline,AA,unrooted,LG,tree_7,OMP_48,5,15.152,632.436,-87134163.126,19.77,13.704
baseline,AA,unrooted,LG,tree_7,OPENACC,9,30.187,29.864,-87134163.126,19.77,27.351
baseline,AA,unrooted,LG,tree_7,OPENACC,7,30.387,30.034,-87134163.126,19.77,27.519
baseline,AA,unrooted,LG,tree_7,OMP_10,8,36.963,335.845,-87134163.126,19.77,35.68
baseline,AA,unrooted,LG,tree_7,OMP_10,7,37.979,361.746,-87134163.126,19.77,36.69
baseline,AA,unrooted,LG,tree_7,OMP_10,1,38.411,365.853,-87134163.126,19.77,37.154
baseline,AA,unrooted,LG,tree_7,OPENACC,1,30.346,29.983,-87134163.126,19.77,27.466
baseline,AA,unrooted,LG,tree_7,OMP_48,3,18.96,626.352,-87134163.126,19.77,17.624
baseline,AA,unrooted,LG,tree_7,OMP_10,6,61.402,402.499,-87134163.126,19.77,59.837
baseline,AA,unrooted,LG,tree_7,OMP_10,9,38.123,362.541,-87134163.126,19.77,36.853
baseline,AA,unrooted,LG,tree_7,OMP_48,4,14.692,598.457,-87134163.126,19.77,13.249
baseline,AA,unrooted,LG,tree_7,OPENACC,3,30.236,29.857,-87134163.126,19.77,27.381
baseline,AA,unrooted,LG,tree_8,OMP_10,4,38.887,370.974,-81931521.002,18.249,37.562
baseline,AA,unrooted,LG,tree_8,OMP_48,9,18.785,603.819,-81931521.002,18.249,17.2
baseline,AA,unrooted,LG,tree_8,OMP_48,6,13.795,569.299,-81931521.002,18.249,12.407
baseline,AA,unrooted,LG,tree_8,OMP_10,3,37.896,361.907,-81931521.002,18.249,36.659
baseline,AA,unrooted,LG,tree_8,OMP_48,1,15.41,586.575,-81931521.002,18.249,14.207
baseline,AA,unrooted,LG,tree_8,OMP_48,7,14.038,574.766,-81931521.002,18.249,12.692
baseline,AA,unrooted,LG,tree_8,OMP_48,10,18.555,611.411,-81931521.002,18.249,17.127
baseline,AA,unrooted,LG,tree_8,OMP_48,8,13.954,573.804,-81931521.002,18.249,12.585
baseline,AA,unrooted,LG,tree_8,OMP_10,5,35.654,327.883,-81931521.002,18.249,34.446
baseline,AA,unrooted,LG,tree_8,OMP_10,10,38.103,363.808,-81931521.002,18.249,36.9
baseline,AA,unrooted,LG,tree_8,OMP_10,2,40.139,362.43,-81931521.002,18.249,38.45
baseline,AA,unrooted,LG,tree_8,OMP_48,3,14.97,611.082,-81931521.002,18.249,13.588
baseline,AA,unrooted,LG,tree_8,OMP_10,1,38.276,365.173,-81931521.002,18.249,36.998
baseline,AA,unrooted,LG,tree_8,OMP_48,4,14.27,579.076,-81931521.002,18.249,12.856
baseline,AA,unrooted,LG,tree_8,OMP_10,9,37.944,361.937,-81931521.002,18.249,36.685
baseline,AA,unrooted,LG,tree_8,OMP_10,6,60.527,398.711,-81931521.002,18.249,59.15
baseline,AA,unrooted,LG,tree_8,OMP_48,2,18.922,628.19,-81931521.002,18.249,17.534
baseline,AA,unrooted,LG,tree_8,OMP_10,7,37.977,362.873,-81931521.002,18.249,36.751
baseline,AA,unrooted,LG,tree_8,OMP_10,8,36.394,333.41,-81931521.002,18.249,35.094
baseline,AA,unrooted,LG,tree_8,OMP_48,5,19.664,626.131,-81931521.002,18.249,18.292
baseline,AA,unrooted,LG,tree_9,OMP_10,2,50.814,346.104,-82340194.25,18.008,48.839
baseline,AA,unrooted,LG,tree_9,OMP_10,10,30.973,290.676,-82340194.25,18.008,29.698
baseline,AA,unrooted,LG,tree_9,OMP_10,5,29.458,268.383,-82340194.25,18.008,28.183
baseline,AA,unrooted,LG,tree_9,OMP_48,8,12.39,491.031,-82340194.25,18.008,11.007
baseline,AA,unrooted,LG,tree_9,OMP_48,10,11.554,467.275,-82340194.25,18.008,10.166
baseline,AA,unrooted,LG,tree_9,OMP_48,7,12.475,466.09,-82340194.25,18.008,11.091
baseline,AA,unrooted,LG,tree_9,OMP_48,1,11.585,467.075,-82340194.25,18.008,10.215
baseline,AA,unrooted,LG,tree_9,OMP_10,3,30.917,290.491,-82340194.25,18.008,29.689
baseline,AA,unrooted,LG,tree_9,OMP_48,6,12.306,480.555,-82340194.25,18.008,11.052
baseline,AA,unrooted,LG,tree_9,OMP_48,9,14.307,535.914,-82340194.25,18.008,12.896
baseline,AA,unrooted,LG,tree_9,OMP_10,4,31.66,296.897,-82340194.25,18.008,30.323
baseline,AA,unrooted,LG,tree_9,OMP_48,5,12.767,486.355,-82340194.25,18.008,11.556
baseline,AA,unrooted,LG,tree_9,OMP_10,8,29.94,271.946,-82340194.25,18.008,28.634
baseline,AA,unrooted,LG,tree_9,OMP_10,7,30.987,291.289,-82340194.25,18.008,29.748
baseline,AA,unrooted,LG,tree_9,OMP_48,2,12.67,494.05,-82340194.25,18.008,11.421
baseline,AA,unrooted,LG,tree_9,OMP_10,6,29.529,272.013,-82340194.25,18.008,28.131
baseline,AA,unrooted,LG,tree_9,OMP_10,9,30.937,290.696,-82340194.25,18.008,29.718
baseline,AA,unrooted,LG,tree_9,OMP_48,4,12.338,497.661,-82340194.25,18.008,10.927
baseline,AA,unrooted,LG,tree_9,OMP_10,1,31.188,292.979,-82340194.25,18.008,29.928
baseline,AA,unrooted,LG,tree_9,OMP_48,3,12.81,485.363,-82340194.25,18.008,11.582
baseline,DNA,unrooted,GTR,tree_1,OPENACC,1,43.843,43.469,-64343405.643,18.844,41.128
baseline,DNA,unrooted,GTR,tree_1,VANILA,5,114.498,112.354,-64343405.643,18.844,111.898
baseline,DNA,unrooted,GTR,tree_1,OPENACC,9,43.563,43.259,-64343405.643,18.844,40.866
baseline,DNA,unrooted,GTR,tree_1,OPENACC,2,44.485,43.845,-64343405.643,18.844,41.705
baseline,DNA,unrooted,GTR,tree_1,OPENACC,10,45.978,45.534,-64343405.643,18.844,43.012
baseline,DNA,unrooted,GTR,tree_1,OMP_48,8,13.635,443.555,-64343405.643,18.844,12.572
baseline,DNA,unrooted,GTR,tree_1,OMP_48,4,10.838,416.664,-64343405.643,18.844,9.758
baseline,DNA,unrooted,GTR,tree_1,OMP_48,3,14.489,461.341,-64343405.643,18.844,13.358
baseline,DNA,unrooted,GTR,tree_1,OPENACC,5,43.515,43.202,-64343405.643,18.844,40.818
baseline,DNA,unrooted,GTR,tree_1,VANILA,2,121.963,118.636,-64343405.643,18.844,119.104
baseline,DNA,unrooted,GTR,tree_1,OPENACC,6,44.179,43.846,-64343405.643,18.844,41.436
baseline,DNA,unrooted,GTR,tree_1,OMP_10,7,20.319,183.268,-64343405.643,18.844,19.183
baseline,DNA,unrooted,GTR,tree_1,OMP_48,2,13.059,429.008,-64343405.643,18.844,11.867
baseline,DNA,unrooted,GTR,tree_1,OPENACC,3,45.828,45.416,-64343405.643,18.844,42.871
baseline,DNA,unrooted,GTR,tree_1,VANILA,7,116.902,114.463,-64343405.643,18.844,114.244
baseline,DNA,unrooted,GTR,tree_1,OMP_10,6,42.973,289.433,-64343405.643,18.844,40.984
baseline,DNA,unrooted,GTR,tree_1,OPENACC,8,45.419,45.066,-64343405.643,18.844,42.474
baseline,DNA,unrooted,GTR,tree_1,OMP_10,1,26.361,203.759,-64343405.643,18.844,24.647
baseline,DNA,unrooted,GTR,tree_1,VANILA,10,121.487,119.167,-64343405.643,18.844,118.619
baseline,DNA,unrooted,GTR,tree_1,OPENACC,7,44.862,44.503,-64343405.643,18.844,42.004
baseline,DNA,unrooted,GTR,tree_1,OMP_48,10,9.97,417.189,-64343405.643,18.844,8.96
baseline,DNA,unrooted,GTR,tree_1,OPENACC,4,45.875,45.504,-64343405.643,18.844,42.975
baseline,DNA,unrooted,GTR,tree_1,OMP_48,9,12.684,426.491,-64343405.643,18.844,11.617
baseline,DNA,unrooted,GTR,tree_1,VANILA,8,116.841,114.036,-64343405.643,18.844,114.187
baseline,DNA,unrooted,GTR,tree_1,OMP_48,5,14.251,545.016,-64343405.643,18.844,13.154
baseline,DNA,unrooted,GTR,tree_1,OPENACC,5,43.823,43.503,-64343405.643,18.844,41.071
baseline,DNA,unrooted,GTR,tree_1,VANILA,9,117.109,115.042,-64343405.643,18.844,114.314
baseline,DNA,unrooted,GTR,tree_1,VANILA,1,111.904,109.954,-64343405.643,18.844,109.419
baseline,DNA,unrooted,GTR,tree_1,OPENACC,6,45.479,45.056,-64343405.643,18.844,42.597
baseline,DNA,unrooted,GTR,tree_1,OMP_10,4,27.228,262.371,-64343405.643,18.844,26.182
baseline,DNA,unrooted,GTR,tree_1,OMP_10,8,24.51,235.673,-64343405.643,18.844,23.446
baseline,DNA,unrooted,GTR,tree_1,OPENACC,9,46.073,45.692,-64343405.643,18.844,43.119
baseline,DNA,unrooted,GTR,tree_1,OMP_10,3,24.625,236.233,-64343405.643,18.844,23.565
baseline,DNA,unrooted,GTR,tree_1,OPENACC,1,44.045,43.681,-64343405.643,18.844,41.247
baseline,DNA,unrooted,GTR,tree_1,VANILA,6,123.919,121.702,-64343405.643,18.844,120.951
baseline,DNA,unrooted,GTR,tree_1,OMP_48,7,13.701,451.593,-64343405.643,18.844,12.609
baseline,DNA,unrooted,GTR,tree_1,OPENACC,2,44.301,43.959,-64343405.643,18.844,41.547
baseline,DNA,unrooted,GTR,tree_1,OMP_10,10,28.821,275.277,-64343405.643,18.844,27.748
baseline,DNA,unrooted,GTR,tree_1,OPENACC,7,44.851,44.488,-64343405.643,18.844,41.998
baseline,DNA,unrooted,GTR,tree_1,OMP_10,2,24.835,236.96,-64343405.643,18.844,23.778
baseline,DNA,unrooted,GTR,tree_1,VANILA,3,119.757,117.066,-64343405.643,18.844,116.968
baseline,DNA,unrooted,GTR,tree_1,OPENACC,4,43.995,43.638,-64343405.643,18.844,41.252
baseline,DNA,unrooted,GTR,tree_1,OMP_48,6,12.626,423.313,-64343405.643,18.844,11.546
baseline,DNA,unrooted,GTR,tree_1,OPENACC,3,44.346,44.028,-64343405.643,18.844,41.59
baseline,DNA,unrooted,GTR,tree_1,OMP_48,1,9.998,419.935,-64343405.643,18.844,8.918
baseline,DNA,unrooted,GTR,tree_1,VANILA,4,115.847,113.587,-64343405.643,18.844,113.233
baseline,DNA,unrooted,GTR,tree_1,OPENACC,10,43.75,43.4,-64343405.643,18.844,40.995
baseline,DNA,unrooted,GTR,tree_1,OMP_10,5,28.595,275.816,-64343405.643,18.844,27.489
baseline,DNA,unrooted,GTR,tree_1,OMP_10,9,24.796,238.791,-64343405.643,18.844,23.739
baseline,DNA,unrooted,GTR,tree_1,OPENACC,8,45.174,44.787,-64343405.643,18.844,42.321
baseline,DNA,unrooted,GTR,tree_10,OMP_48,5,13.094,445.891,-68972398.54,20.7,11.939
baseline,DNA,unrooted,GTR,tree_10,OMP_10,2,39.012,364.374,-68972398.54,20.7,37.933
baseline,DNA,unrooted,GTR,tree_10,OMP_10,7,36.245,328.819,-68972398.54,20.7,35.049
baseline,DNA,unrooted,GTR,tree_10,OMP_10,8,38.547,360.527,-68972398.54,20.7,37.483
baseline,DNA,unrooted,GTR,tree_10,OMP_10,6,38.551,337.515,-68972398.54,20.7,36.978
baseline,DNA,unrooted,GTR,tree_10,OMP_48,1,10.547,442.92,-68972398.54,20.7,9.448
baseline,DNA,unrooted,GTR,tree_10,OMP_48,4,11.194,413.851,-68972398.54,20.7,10.253
baseline,DNA,unrooted,GTR,tree_10,OMP_10,3,40.624,380.762,-68972398.54,20.7,39.511
baseline,DNA,unrooted,GTR,tree_10,OMP_10,9,41.485,388.854,-68972398.54,20.7,40.413
baseline,DNA,unrooted,GTR,tree_10,OMP_48,8,10.318,435.741,-68972398.54,20.7,9.293
baseline,DNA,unrooted,GTR,tree_10,OMP_48,7,12.943,441.684,-68972398.54,20.7,11.815
baseline,DNA,unrooted,GTR,tree_10,OMP_48,2,12.61,440.422,-68972398.54,20.7,11.491
baseline,DNA,unrooted,GTR,tree_10,OMP_10,5,38.482,359.098,-68972398.54,20.7,37.403
baseline,DNA,unrooted,GTR,tree_10,OMP_48,10,10.173,425.778,-68972398.54,20.7,9.045
baseline,DNA,unrooted,GTR,tree_10,OMP_48,9,13.253,437.773,-68972398.54,20.7,12.128
baseline,DNA,unrooted,GTR,tree_10,OMP_10,10,38.358,357.566,-68972398.54,20.7,37.316
baseline,DNA,unrooted,GTR,tree_10,OMP_48,3,14.06,463.299,-68972398.54,20.7,12.91
baseline,DNA,unrooted,GTR,tree_10,OMP_10,4,40.158,375.808,-68972398.54,20.7,39.1
baseline,DNA,unrooted,GTR,tree_10,OMP_10,1,47.71,390.791,-68972398.54,20.7,46.076
baseline,DNA,unrooted,GTR,tree_10,OMP_48,6,10.475,437.818,-68972398.54,20.7,9.401
baseline,DNA,unrooted,GTR,tree_2,OPENACC,6,49.606,49.237,-66217786.827,19.418,46.851
baseline,DNA,unrooted,GTR,tree_2,OMP_48,8,14.38,475.95,-66217786.827,19.418,13.247
baseline,DNA,unrooted,GTR,tree_2,OMP_48,4,12.551,425.892,-66217786.827,19.418,11.479
baseline,DNA,unrooted,GTR,tree_2,VANILA,2,125.625,122.464,-66217786.827,19.418,122.821
baseline,DNA,unrooted,GTR,tree_2,OPENACC,5,49.003,48.693,-66217786.827,19.418,46.316
baseline,DNA,unrooted,GTR,tree_2,OMP_10,7,19.84,179.001,-66217786.827,19.418,18.784
baseline,DNA,unrooted,GTR,tree_2,OPENACC,10,51.685,51.298,-66217786.827,19.418,48.792
baseline,DNA,unrooted,GTR,tree_2,OPENACC,2,49.578,49.231,-66217786.827,19.418,46.83
baseline,DNA,unrooted,GTR,tree_2,VANILA,5,119.774,117.455,-66217786.827,19.418,117.17
baseline,DNA,unrooted,GTR,tree_2,OPENACC,9,49.492,49.181,-66217786.827,19.418,46.727
baseline,DNA,unrooted,GTR,tree_2,OMP_48,3,12.517,427.201,-66217786.827,19.418,11.374
baseline,DNA,unrooted,GTR,tree_2,OPENACC,1,49.727,49.36,-66217786.827,19.418,46.93
baseline,DNA,unrooted,GTR,tree_2,OPENACC,4,52.154,51.745,-66217786.827,19.418,49.207
baseline,DNA,unrooted,GTR,tree_2,OMP_10,6,37.932,288.393,-66217786.827,19.418,36.263
baseline,DNA,unrooted,GTR,tree_2,VANILA,8,122.994,120.164,-66217786.827,19.418,120.329
baseline,DNA,unrooted,GTR,tree_2,OPENACC,7,49.682,49.348,-66217786.827,19.418,46.959
baseline,DNA,unrooted,GTR,tree_2,VANILA,10,131.054,128.516,-66217786.827,19.418,128.078
baseline,DNA,unrooted,GTR,tree_2,OMP_48,2,15.022,479.066,-66217786.827,19.418,13.79
baseline,DNA,unrooted,GTR,tree_2,OMP_48,9,12.725,427.082,-66217786.827,19.418,11.671
baseline,DNA,unrooted,GTR,tree_2,OMP_48,5,13.132,427.512,-66217786.827,19.418,12.111
baseline,DNA,unrooted,GTR,tree_2,OPENACC,8,51.323,50.907,-66217786.827,19.418,48.441
baseline,DNA,unrooted,GTR,tree_2,OMP_48,10,12.964,437.068,-66217786.827,19.418,11.806
baseline,DNA,unrooted,GTR,tree_2,VANILA,7,123.024,120.509,-66217786.827,19.418,120.281
baseline,DNA,unrooted,GTR,tree_2,OMP_10,1,25.485,208.423,-66217786.827,19.418,23.987
baseline,DNA,unrooted,GTR,tree_2,OPENACC,3,51.327,50.962,-66217786.827,19.418,48.447
baseline,DNA,unrooted,GTR,tree_2,OPENACC,2,50.324,49.931,-66217786.827,19.418,47.496
baseline,DNA,unrooted,GTR,tree_2,VANILA,6,131.492,129.188,-66217786.827,19.418,128.554
baseline,DNA,unrooted,GTR,tree_2,OMP_10,4,28.015,269.326,-66217786.827,19.418,26.946
baseline,DNA,unrooted,GTR,tree_2,OMP_10,8,25.893,249.045,-66217786.827,19.418,24.865
baseline,DNA,unrooted,GTR,tree_2,OPENACC,1,49.676,49.335,-66217786.827,19.418,46.9
baseline,DNA,unrooted,GTR,tree_2,OPENACC,9,51.108,50.709,-66217786.827,19.418,48.213
baseline,DNA,unrooted,GTR,tree_2,OPENACC,6,51.679,51.281,-66217786.827,19.418,48.777
baseline,DNA,unrooted,GTR,tree_2,OMP_48,7,10.056,420.153,-66217786.827,19.418,8.967
baseline,DNA,unrooted,GTR,tree_2,OMP_10,3,26.22,252.412,-66217786.827,19.418,25.229
baseline,DNA,unrooted,GTR,tree_2,VANILA,1,119.74,117.54,-66217786.827,19.418,117.186
baseline,DNA,unrooted,GTR,tree_2,OPENACC,5,49.189,48.878,-66217786.827,19.418,46.507
baseline,DNA,unrooted,GTR,tree_2,VANILA,9,124.191,122.06,-66217786.827,19.418,121.39
baseline,DNA,unrooted,GTR,tree_2,VANILA,4,122.027,119.746,-66217786.827,19.418,119.418
baseline,DNA,unrooted,GTR,tree_2,OPENACC,8,50.44,50.102,-66217786.827,19.418,47.667
baseline,DNA,unrooted,GTR,tree_2,OMP_48,6,10.362,434.822,-66217786.827,19.418,9.295
baseline,DNA,unrooted,GTR,tree_2,OPENACC,10,49.553,49.234,-66217786.827,19.418,46.823
baseline,DNA,unrooted,GTR,tree_2,OMP_10,2,27.134,261.095,-66217786.827,19.418,26.059
baseline,DNA,unrooted,GTR,tree_2,OPENACC,3,50.446,50.104,-66217786.827,19.418,47.66
baseline,DNA,unrooted,GTR,tree_2,OMP_10,10,28.382,272.274,-66217786.827,19.418,27.246
baseline,DNA,unrooted,GTR,tree_2,OMP_10,5,27.569,265.347,-66217786.827,19.418,26.5
baseline,DNA,unrooted,GTR,tree_2,OPENACC,4,49.488,49.151,-66217786.827,19.418,46.735
baseline,DNA,unrooted,GTR,tree_2,OMP_10,9,26.142,251.676,-66217786.827,19.418,25.107
baseline,DNA,unrooted,GTR,tree_2,OMP_48,1,13.313,436.571,-66217786.827,19.418,12.143
baseline,DNA,unrooted,GTR,tree_2,VANILA,3,123.288,120.475,-66217786.827,19.418,120.484
baseline,DNA,unrooted,GTR,tree_2,OPENACC,7,50.887,50.518,-66217786.827,19.418,48.016
baseline,DNA,unrooted,GTR,tree_3,OPENACC,4,43.907,43.602,-66775543.576,19.731,41.208
baseline,DNA,unrooted,GTR,tree_3,OMP_48,4,15.76,543.046,-66775543.576,19.731,14.68
baseline,DNA,unrooted,GTR,tree_3,OMP_48,8,13.186,555.966,-66775543.576,19.731,12.119
baseline,DNA,unrooted,GTR,tree_3,OPENACC,7,44.818,44.397,-66775543.576,19.731,41.922
baseline,DNA,unrooted,GTR,tree_3,VANILA,3,119.721,116.938,-66775543.576,19.731,117.145
baseline,DNA,unrooted,GTR,tree_3,VANILA,4,116.044,113.813,-66775543.576,19.731,113.432
baseline,DNA,unrooted,GTR,tree_3,OPENACC,8,44.914,44.551,-66775543.576,19.731,42.066
baseline,DNA,unrooted,GTR,tree_3,OPENACC,10,43.796,43.44,-66775543.576,19.731,41.138
baseline,DNA,unrooted,GTR,tree_3,OMP_10,7,20.105,179.318,-66775543.576,19.731,19.031
baseline,DNA,unrooted,GTR,tree_3,OMP_48,3,15.879,542.196,-66775543.576,19.731,14.682
baseline,DNA,unrooted,GTR,tree_3,OPENACC,3,44.29,43.936,-66775543.576,19.731,41.533
baseline,DNA,unrooted,GTR,tree_3,OPENACC,6,45.617,45.179,-66775543.576,19.731,42.682
baseline,DNA,unrooted,GTR,tree_3,OMP_10,6,45.15,285.122,-66775543.576,19.731,43.244
baseline,DNA,unrooted,GTR,tree_3,OPENACC,5,43.886,43.539,-66775543.576,19.731,41.131
baseline,DNA,unrooted,GTR,tree_3,OMP_48,2,16.179,554.45,-66775543.576,19.731,15.107
baseline,DNA,unrooted,GTR,tree_3,VANILA,9,115.804,113.776,-66775543.576,19.731,113.107
baseline,DNA,unrooted,GTR,tree_3,VANILA,1,112.589,110.648,-66775543.576,19.731,110.105
baseline,DNA,unrooted,GTR,tree_3,OMP_48,10,13.135,540.713,-66775543.576,19.731,12.035
baseline,DNA,unrooted,GTR,tree_3,VANILA,6,121.315,119.159,-66775543.576,19.731,118.773
baseline,DNA,unrooted,GTR,tree_3,OMP_48,5,13.189,530.778,-66775543.576,19.731,12.249
baseline,DNA,unrooted,GTR,tree_3,OMP_48,9,13.24,556.815,-66775543.576,19.731,12.1
baseline,DNA,unrooted,GTR,tree_3,OPENACC,2,44.214,43.856,-66775543.576,19.731,41.444
baseline,DNA,unrooted,GTR,tree_3,OMP_10,1,24.725,201.431,-66775543.576,19.731,22.975
baseline,DNA,unrooted,GTR,tree_3,OPENACC,9,45.293,44.927,-66775543.576,19.731,42.415
baseline,DNA,unrooted,GTR,tree_3,OPENACC,1,43.834,43.467,-66775543.576,19.731,41.076
baseline,DNA,unrooted,GTR,tree_3,OMP_10,8,24.965,239.117,-66775543.576,19.731,23.932
baseline,DNA,unrooted,GTR,tree_3,OMP_10,4,28.071,268.687,-66775543.576,19.731,26.909
baseline,DNA,unrooted,GTR,tree_3,OPENACC,8,45.331,44.923,-66775543.576,19.731,42.461
baseline,DNA,unrooted,GTR,tree_3,OPENACC,3,45.403,45.014,-66775543.576,19.731,42.451
baseline,DNA,unrooted,GTR,tree_3,VANILA,7,117.089,114.829,-66775543.576,19.731,114.324
baseline,DNA,unrooted,GTR,tree_3,OMP_48,7,13.274,542.969,-66775543.576,19.731,12.245
baseline,DNA,unrooted,GTR,tree_3,OPENACC,4,46.076,45.62,-66775543.576,19.731,43.081
baseline,DNA,unrooted,GTR,tree_3,VANILA,8,117.032,114.246,-66775543.576,19.731,114.374
baseline,DNA,unrooted,GTR,tree_3,VANILA,10,128.388,125.023,-66775543.576,19.731,124.429
baseline,DNA,unrooted,GTR,tree_3,OMP_10,3,24.932,239.263,-66775543.576,19.731,23.944
baseline,DNA,unrooted,GTR,tree_3,OPENACC,7,44.283,43.928,-66775543.576,19.731,41.464
baseline,DNA,unrooted,GTR,tree_3,OPENACC,10,45.674,45.282,-66775543.576,19.731,42.755
baseline,DNA,unrooted,GTR,tree_3,OMP_48,6,15.642,535.887,-66775543.576,19.731,14.47
baseline,DNA,unrooted,GTR,tree_3,OPENACC,2,43.99,43.635,-66775543.576,19.731,41.237
baseline,DNA,unrooted,GTR,tree_3,OPENACC,1,43.731,43.417,-66775543.576,19.731,41.038
baseline,DNA,unrooted,GTR,tree_3,OMP_10,10,25.901,246.31,-66775543.576,19.731,24.812
baseline,DNA,unrooted,GTR,tree_3,VANILA,5,114.248,112.074,-66775543.576,19.731,111.618
baseline,DNA,unrooted,GTR,tree_3,OPENACC,9,43.888,43.566,-66775543.576,19.731,41.122
baseline,DNA,unrooted,GTR,tree_3,OMP_10,2,25.808,247.371,-66775543.576,19.731,24.71
baseline,DNA,unrooted,GTR,tree_3,OMP_10,9,26.928,259.065,-66775543.576,19.731,25.886
baseline,DNA,unrooted,GTR,tree_3,OMP_10,5,27.635,265.477,-66775543.576,19.731,26.547
baseline,DNA,unrooted,GTR,tree_3,VANILA,2,121.214,118.078,-66775543.576,19.731,118.504
baseline,DNA,unrooted,GTR,tree_3,OPENACC,6,44.496,44.04,-66775543.576,19.731,41.599
baseline,DNA,unrooted,GTR,tree_3,OMP_48,1,13.808,569.261,-66775543.576,19.731,12.663
baseline,DNA,unrooted,GTR,tree_3,OPENACC,5,43.421,43.108,-66775543.576,19.731,40.744
baseline,DNA,unrooted,GTR,tree_4,OMP_48,3,21.533,796.544,-68796842.673,20.6,20.47
baseline,DNA,unrooted,GTR,tree_4,VANILA,7,170.336,167.725,-68796842.673,20.6,167.626
baseline,DNA,unrooted,GTR,tree_4,OPENACC,3,62.612,62.201,-68796842.673,20.6,59.688
baseline,DNA,unrooted,GTR,tree_4,OPENACC,8,62.142,61.805,-68796842.673,20.6,59.292
baseline,DNA,unrooted,GTR,tree_4,OMP_10,7,44.442,410.913,-68796842.673,20.6,43.216
baseline,DNA,unrooted,GTR,tree_4,OPENACC,7,60.794,60.45,-68796842.673,20.6,58.034
baseline,DNA,unrooted,GTR,tree_4,VANILA,10,177.733,174.907,-68796842.673,20.6,174.731
baseline,DNA,unrooted,GTR,tree_4,VANILA,8,169.935,166.688,-68796842.673,20.6,167.282
baseline,DNA,unrooted,GTR,tree_4,OPENACC,4,63.408,63.011,-68796842.673,20.6,60.487
baseline,DNA,unrooted,GTR,tree_4,OMP_48,4,21.201,746.913,-68796842.673,20.6,20.071
baseline,DNA,unrooted,GTR,tree_4,OMP_48,8,21.308,775.052,-68796842.673,20.6,20.216
baseline,DNA,unrooted,GTR,tree_4,OPENACC,9,60.502,60.186,-68796842.673,20.6,57.78
baseline,DNA,unrooted,GTR,tree_4,OMP_10,1,54.355,458.452,-68796842.673,20.6,52.707
baseline,DNA,unrooted,GTR,tree_4,VANILA,5,166.939,162.966,-68796842.673,20.6,164.275
baseline,DNA,unrooted,GTR,tree_4,OPENACC,1,61.137,60.774,-68796842.673,20.6,58.366
baseline,DNA,unrooted,GTR,tree_4,OMP_48,10,21.45,767.948,-68796842.673,20.6,20.217
baseline,DNA,unrooted,GTR,tree_4,OPENACC,10,63.085,62.699,-68796842.673,20.6,60.203
baseline,DNA,unrooted,GTR,tree_4,OMP_48,5,23.556,863.601,-68796842.673,20.6,22.108
baseline,DNA,unrooted,GTR,tree_4,OPENACC,2,60.811,60.456,-68796842.673,20.6,58.064
baseline,DNA,unrooted,GTR,tree_4,OMP_48,9,19.405,756.023,-68796842.673,20.6,18.333
baseline,DNA,unrooted,GTR,tree_4,OMP_48,2,20.234,771.449,-68796842.673,20.6,19.184
baseline,DNA,unrooted,GTR,tree_4,OPENACC,5,59.734,59.42,-68796842.673,20.6,57.057
baseline,DNA,unrooted,GTR,tree_4,OPENACC,6,60.6,60.241,-68796842.673,20.6,57.863
baseline,DNA,unrooted,GTR,tree_4,VANILA,2,176.323,172.315,-68796842.673,20.6,173.423
baseline,DNA,unrooted,GTR,tree_4,OMP_10,6,63.836,512.392,-68796842.673,20.6,62.317
baseline,DNA,unrooted,GTR,tree_4,VANILA,3,173.289,169.777,-68796842.673,20.6,170.603
baseline,DNA,unrooted,GTR,tree_4,OMP_10,3,47.621,449.706,-68796842.673,20.6,46.541
baseline,DNA,unrooted,GTR,tree_4,OPENACC,7,62.106,61.732,-68796842.673,20.6,59.255
baseline,DNA,unrooted,GTR,tree_4,OMP_48,7,17.786,763.307,-68796842.673,20.6,16.669
baseline,DNA,unrooted,GTR,tree_4,OPENACC,4,60.607,60.253,-68796842.673,20.6,57.831
baseline,DNA,unrooted,GTR,tree_4,OPENACC,3,61.287,60.952,-68796842.673,20.6,58.517
baseline,DNA,unrooted,GTR,tree_4,OMP_10,8,47.781,449.598,-68796842.673,20.6,46.721
baseline,DNA,unrooted,GTR,tree_4,OMP_10,4,48.764,459.459,-68796842.673,20.6,47.657
baseline,DNA,unrooted,GTR,tree_4,OPENACC,8,61.611,61.212,-68796842.673,20.6,58.745
baseline,DNA,unrooted,GTR,tree_4,OPENACC,10,60.683,60.353,-68796842.673,20.6,57.919
baseline,DNA,unrooted,GTR,tree_4,VANILA,4,167.862,165.33,-68796842.673,20.6,165.261
baseline,DNA,unrooted,GTR,tree_4,VANILA,1,164.262,161.745,-68796842.673,20.6,161.713
baseline,DNA,unrooted,GTR,tree_4,OMP_48,1,21.267,798.236,-68796842.673,20.6,20.197
baseline,DNA,unrooted,GTR,tree_4,VANILA,9,171.289,168.95,-68796842.673,20.6,168.602
baseline,DNA,unrooted,GTR,tree_4,OPENACC,5,60.348,60.012,-68796842.673,20.6,57.63
baseline,DNA,unrooted,GTR,tree_4,OMP_10,9,47.821,449.777,-68796842.673,20.6,46.752
baseline,DNA,unrooted,GTR,tree_4,OMP_10,5,49.55,467.039,-68796842.673,20.6,48.463
baseline,DNA,unrooted,GTR,tree_4,OPENACC,6,63.452,63.017,-68796842.673,20.6,60.454
baseline,DNA,unrooted,GTR,tree_4,OPENACC,1,60.357,59.978,-68796842.673,20.6,57.59
baseline,DNA,unrooted,GTR,tree_4,OMP_10,10,50.51,475.718,-68796842.673,20.6,49.449
baseline,DNA,unrooted,GTR,tree_4,OPENACC,9,61.708,61.305,-68796842.673,20.6,58.86
baseline,DNA,unrooted,GTR,tree_4,OMP_10,2,48.751,459.386,-68796842.673,20.6,47.708
baseline,DNA,unrooted,GTR,tree_4,OPENACC,2,61.277,60.893,-68796842.673,20.6,58.45
baseline,DNA,unrooted,GTR,tree_4,OMP_48,6,19.736,746.807,-68796842.673,20.6,18.666
baseline,DNA,unrooted,GTR,tree_4,VANILA,6,175.841,173.36,-68796842.673,20.6,173.027
baseline,DNA,unrooted,GTR,tree_5,OMP_48,3,16.211,511.922,-68054876.562,20.138,13.423
baseline,DNA,unrooted,GTR,tree_5,OMP_10,7,19.758,178.707,-68054876.562,20.138,18.7
baseline,DNA,unrooted,GTR,tree_5,OPENACC,2,49.863,49.463,-68054876.562,20.138,47.096
baseline,DNA,unrooted,GTR,tree_5,OPENACC,5,49.204,48.886,-68054876.562,20.138,46.538
baseline,DNA,unrooted,GTR,tree_5,OMP_48,8,14.292,477.849,-68054876.562,20.138,13.207
baseline,DNA,unrooted,GTR,tree_5,OMP_48,4,13.95,449.883,-68054876.562,20.138,12.916
baseline,DNA,unrooted,GTR,tree_5,OMP_10,1,22.954,188.463,-68054876.562,20.138,21.512
baseline,DNA,unrooted,GTR,tree_5,OPENACC,3,49.739,49.408,-68054876.562,20.138,47.021
baseline,DNA,unrooted,GTR,tree_5,OMP_48,9,10.989,452.958,-68054876.562,20.138,9.86
baseline,DNA,unrooted,GTR,tree_5,OMP_48,5,10.494,439.211,-68054876.562,20.138,9.409
baseline,DNA,unrooted,GTR,tree_5,OPENACC,10,50.008,49.677,-68054876.562,20.138,47.225
baseline,DNA,unrooted,GTR,tree_5,OMP_48,10,13.61,556.26,-68054876.562,20.138,12.477
baseline,DNA,unrooted,GTR,tree_5,OMP_48,2,13.876,459.837,-68054876.562,20.138,12.851
baseline,DNA,unrooted,GTR,tree_5,OPENACC,4,49.225,48.898,-68054876.562,20.138,46.503
baseline,DNA,unrooted,GTR,tree_5,OMP_10,6,45.706,334.773,-68054876.562,20.138,44.22
baseline,DNA,unrooted,GTR,tree_5,OMP_10,3,26.196,251.561,-68054876.562,20.138,25.169
baseline,DNA,unrooted,GTR,tree_5,OPENACC,5,48.858,48.549,-68054876.562,20.138,46.18
baseline,DNA,unrooted,GTR,tree_5,OMP_48,7,12.466,434.59,-68054876.562,20.138,11.439
baseline,DNA,unrooted,GTR,tree_5,OPENACC,6,49.741,49.396,-68054876.562,20.138,46.979
baseline,DNA,unrooted,GTR,tree_5,OPENACC,1,49.967,49.637,-68054876.562,20.138,47.217
baseline,DNA,unrooted,GTR,tree_5,OPENACC,9,49.99,49.496,-68054876.562,20.138,47.064
baseline,DNA,unrooted,GTR,tree_5,OPENACC,2,50.009,49.415,-68054876.562,20.138,47.191
baseline,DNA,unrooted,GTR,tree_5,OMP_10,4,28.048,269.511,-68054876.562,20.138,26.932
baseline,DNA,unrooted,GTR,tree_5,OMP_10,8,25.79,247.755,-68054876.562,20.138,24.791
baseline,DNA,unrooted,GTR,tree_5,OMP_48,1,13.362,443.042,-68054876.562,20.138,12.321
baseline,DNA,unrooted,GTR,tree_5,OMP_10,5,27.833,267.278,-68054876.562,20.138,26.69
baseline,DNA,unrooted,GTR,tree_5,OMP_10,9,26.219,251.865,-68054876.562,20.138,25.209
baseline,DNA,unrooted,GTR,tree_5,OMP_10,2,27.208,260.551,-68054876.562,20.138,26.064
baseline,DNA,unrooted,GTR,tree_5,OMP_10,10,27.122,258.4,-68054876.562,20.138,25.853
baseline,DNA,unrooted,GTR,tree_5,OMP_48,6,13.229,437.793,-68054876.562,20.138,12.14
baseline,DNA,unrooted,GTR,tree_6,OMP_10,7,27.985,255.206,-62743967.673,17.749,26.642
baseline,DNA,unrooted,GTR,tree_6,OMP_48,3,19.656,725.726,-62743967.673,17.749,18.627
baseline,DNA,unrooted,GTR,tree_6,OMP_48,8,21.501,799.29,-62743967.673,17.749,20.42
baseline,DNA,unrooted,GTR,tree_6,OMP_48,4,20.877,762.014,-62743967.673,17.749,19.728
baseline,DNA,unrooted,GTR,tree_6,OMP_48,10,22.302,859.055,-62743967.673,17.749,21.152
baseline,DNA,unrooted,GTR,tree_6,OMP_48,9,21.598,782.652,-62743967.673,17.749,20.493
baseline,DNA,unrooted,GTR,tree_6,OMP_48,5,19.797,723.376,-62743967.673,17.749,18.738
baseline,DNA,unrooted,GTR,tree_6,OMP_10,1,32.733,258.878,-62743967.673,17.749,31.089
baseline,DNA,unrooted,GTR,tree_6,OMP_10,6,92.248,443.556,-62743967.673,17.749,90.675
baseline,DNA,unrooted,GTR,tree_6,OMP_48,2,18.225,770.641,-62743967.673,17.749,17.177
baseline,DNA,unrooted,GTR,tree_6,OMP_48,7,20.318,747.596,-62743967.673,17.749,19.051
baseline,DNA,unrooted,GTR,tree_6,OMP_10,3,34.219,332.133,-62743967.673,17.749,33.171
baseline,DNA,unrooted,GTR,tree_6,OMP_10,4,38.074,369.348,-62743967.673,17.749,36.987
baseline,DNA,unrooted,GTR,tree_6,OMP_10,8,33.709,326.929,-62743967.673,17.749,32.664
baseline,DNA,unrooted,GTR,tree_6,OMP_10,5,36.085,349.963,-62743967.673,17.749,34.966
baseline,DNA,unrooted,GTR,tree_6,OMP_10,9,34.255,332.416,-62743967.673,17.749,33.177
baseline,DNA,unrooted,GTR,tree_6,OMP_48,1,24.534,925.628,-62743967.673,17.749,23.33
baseline,DNA,unrooted,GTR,tree_6,OMP_48,6,21.894,780.927,-62743967.673,17.749,20.822
baseline,DNA,unrooted,GTR,tree_6,OMP_10,10,35.749,345.02,-62743967.673,17.749,34.687
baseline,DNA,unrooted,GTR,tree_6,OMP_10,2,35.398,343.168,-62743967.673,17.749,34.321
baseline,DNA,unrooted,GTR,tree_7,OMP_10,7,21.205,191.343,-67994364.745,19.714,20.108
baseline,DNA,unrooted,GTR,tree_7,OMP_48,3,14.15,473.479,-67994364.745,19.714,13.059
baseline,DNA,unrooted,GTR,tree_7,OMP_48,4,15.407,515.831,-67994364.745,19.714,14.223
baseline,DNA,unrooted,GTR,tree_7,OMP_48,8,14.499,474.05,-67994364.745,19.714,13.231
baseline,DNA,unrooted,GTR,tree_7,OMP_48,5,14.181,475.09,-67994364.745,19.714,13.079
baseline,DNA,unrooted,GTR,tree_7,OMP_48,9,15.42,521.075,-67994364.745,19.714,14.31
baseline,DNA,unrooted,GTR,tree_7,OMP_48,10,16.572,573.876,-67994364.745,19.714,15.494
baseline,DNA,unrooted,GTR,tree_7,OMP_10,1,20.428,181.672,-67994364.745,19.714,18.918
baseline,DNA,unrooted,GTR,tree_7,OMP_10,6,75.234,358.063,-67994364.745,19.714,73.738
baseline,DNA,unrooted,GTR,tree_7,OMP_48,2,11.686,480.656,-67994364.745,19.714,10.563
baseline,DNA,unrooted,GTR,tree_7,OMP_48,7,15.242,496.856,-67994364.745,19.714,14.121
baseline,DNA,unrooted,GTR,tree_7,OMP_10,3,27.09,260.725,-67994364.745,19.714,25.981
baseline,DNA,unrooted,GTR,tree_7,OMP_10,8,26.643,256.995,-67994364.745,19.714,25.632
baseline,DNA,unrooted,GTR,tree_7,OMP_10,4,27.016,259.881,-67994364.745,19.714,25.926
baseline,DNA,unrooted,GTR,tree_7,OMP_10,9,27.727,267.241,-67994364.745,19.714,26.656
baseline,DNA,unrooted,GTR,tree_7,OMP_10,5,29.566,285.657,-67994364.745,19.714,28.464
baseline,DNA,unrooted,GTR,tree_7,OMP_48,1,11.984,463.001,-67994364.745,19.714,11.042
baseline,DNA,unrooted,GTR,tree_7,OMP_48,6,15.086,512.232,-67994364.745,19.714,13.969
baseline,DNA,unrooted,GTR,tree_7,OMP_10,2,26.674,256.534,-67994364.745,19.714,25.627
baseline,DNA,unrooted,GTR,tree_7,OMP_10,10,27.719,264.801,-67994364.745,19.714,26.654
baseline,DNA,unrooted,GTR,tree_8,OMP_10,6,62.919,553.279,-67533437.34,19.722,61.303
baseline,DNA,unrooted,GTR,tree_8,OMP_48,2,19.319,708.878,-67533437.34,19.722,18.297
baseline,DNA,unrooted,GTR,tree_8,OMP_48,10,18.48,700.157,-67533437.34,19.722,17.397
baseline,DNA,unrooted,GTR,tree_8,OMP_48,9,16.062,697.252,-67533437.34,19.722,14.913
baseline,DNA,unrooted,GTR,tree_8,OMP_48,5,20.794,754.495,-67533437.34,19.722,19.748
baseline,DNA,unrooted,GTR,tree_8,OMP_10,1,68.963,587.653,-67533437.34,19.722,67.196
baseline,DNA,unrooted,GTR,tree_8,OMP_48,8,19.887,726.224,-67533437.34,19.722,18.623
baseline,DNA,unrooted,GTR,tree_8,OMP_48,4,20.792,767.83,-67533437.34,19.722,19.636
baseline,DNA,unrooted,GTR,tree_8,OMP_10,7,61.155,576.042,-67533437.34,19.722,59.964
baseline,DNA,unrooted,GTR,tree_8,OMP_48,3,19.171,706.407,-67533437.34,19.722,17.911
baseline,DNA,unrooted,GTR,tree_8,OMP_48,6,20.38,724.38,-67533437.34,19.722,19.348
baseline,DNA,unrooted,GTR,tree_8,OMP_10,10,68.921,663.675,-67533437.34,19.722,67.792
baseline,DNA,unrooted,GTR,tree_8,OMP_10,2,67.425,647.392,-67533437.34,19.722,66.353
baseline,DNA,unrooted,GTR,tree_8,OMP_10,5,65.342,628.596,-67533437.34,19.722,64.3
baseline,DNA,unrooted,GTR,tree_8,OMP_10,9,66.333,640.002,-67533437.34,19.722,65.269
baseline,DNA,unrooted,GTR,tree_8,OMP_48,1,20.39,834.838,-67533437.34,19.722,19.246
baseline,DNA,unrooted,GTR,tree_8,OMP_10,4,65.53,628.538,-67533437.34,19.722,64.431
baseline,DNA,unrooted,GTR,tree_8,OMP_10,8,65.792,634.366,-67533437.34,19.722,64.728
baseline,DNA,unrooted,GTR,tree_8,OMP_48,7,19.401,699.051,-67533437.34,19.722,18.151
baseline,DNA,unrooted,GTR,tree_8,OMP_10,3,66.016,635.036,-67533437.34,19.722,64.969
baseline,DNA,unrooted,GTR,tree_9,OMP_10,6,33.498,309.212,-72937485.322,22.502,32.1
baseline,DNA,unrooted,GTR,tree_9,OMP_48,2,22.086,811.173,-72937485.322,22.502,21.062
baseline,DNA,unrooted,GTR,tree_9,OMP_48,5,24.545,962.613,-72937485.322,22.502,23.514
baseline,DNA,unrooted,GTR,tree_9,OMP_48,9,21.943,805.618,-72937485.322,22.502,20.834
baseline,DNA,unrooted,GTR,tree_9,OMP_48,10,17.405,756.045,-72937485.322,22.502,16.278
baseline,DNA,unrooted,GTR,tree_9,OMP_10,1,49.046,396.68,-72937485.322,22.502,47.662
baseline,DNA,unrooted,GTR,tree_9,OMP_48,4,19.828,750.114,-72937485.322,22.502,18.668
baseline,DNA,unrooted,GTR,tree_9,OMP_48,8,21.665,808.219,-72937485.322,22.502,20.57
baseline,DNA,unrooted,GTR,tree_9,OMP_10,7,36.176,337.034,-72937485.322,22.502,34.971
baseline,DNA,unrooted,GTR,tree_9,OMP_48,3,22.557,812.648,-72937485.322,22.502,21.352
baseline,DNA,unrooted,GTR,tree_9,OMP_48,6,19.356,821.959,-72937485.322,22.502,18.299
baseline,DNA,unrooted,GTR,tree_9,OMP_10,2,46.483,454.748,-72937485.322,22.502,45.439
baseline,DNA,unrooted,GTR,tree_9,OMP_10,10,45.869,445.784,-72937485.322,22.502,44.805
baseline,DNA,unrooted,GTR,tree_9,OMP_10,9,47.519,465.601,-72937485.322,22.502,46.444
baseline,DNA,unrooted,GTR,tree_9,OMP_10,5,47.362,464.146,-72937485.322,22.502,46.313
baseline,DNA,unrooted,GTR,tree_9,OMP_48,1,23.769,890.975,-72937485.322,22.502,22.657
baseline,DNA,unrooted,GTR,tree_9,OMP_10,8,47.841,451.445,-72937485.322,22.502,45.049
baseline,DNA,unrooted,GTR,tree_9,OMP_10,4,44.479,434.66,-72937485.322,22.502,43.415
baseline,DNA,unrooted,GTR,tree_9,OMP_48,7,21.542,782.444,-72937485.322,22.502,20.459
baseline,DNA,unrooted,GTR,tree_9,OMP_10,3,45.377,444.326,-72937485.322,22.502,44.326
GPU_OPT,AA,unrooted,LG,tree_1,GPU_OPT,4,30.17,29.827,-88901422.374,19.949,27.343
GPU_OPT,AA,unrooted,LG,tree_1,GPU_OPT,7,31.032,30.646,-88901422.374,19.949,28.121
GPU_OPT,AA,unrooted,LG,tree_1,GPU_OPT,9,30.672,30.311,-88901422.374,19.949,27.763
GPU_OPT,AA,unrooted,LG,tree_1,GPU_OPT,1,30.627,30.271,-88901422.374,19.949,27.713
GPU_OPT,AA,unrooted,LG,tree_1,GPU_OPT,10,31.885,31.43,-88901422.374,19.949,28.772
GPU_OPT,AA,unrooted,LG,tree_1,GPU_OPT,2,30.798,30.425,-88901422.374,19.949,27.908
GPU_OPT,AA,unrooted,LG,tree_1,GPU_OPT,3,30.57,30.22,-88901422.374,19.949,27.678
GPU_OPT,AA,unrooted,LG,tree_1,GPU_OPT,8,30.289,29.959,-88901422.374,19.949,27.451
GPU_OPT,AA,unrooted,LG,tree_1,GPU_OPT,6,30.451,30.058,-88901422.374,19.949,27.569
GPU_OPT,AA,unrooted,LG,tree_1,GPU_OPT,5,30.622,30.248,-88901422.374,19.949,27.782
GPU_OPT,AA,unrooted,LG,tree_2,GPU_OPT,3,23.737,23.393,-90504713.177,20.312,20.853
GPU_OPT,AA,unrooted,LG,tree_2,GPU_OPT,5,23.973,23.598,-90504713.177,20.312,21.097
GPU_OPT,AA,unrooted,LG,tree_2,GPU_OPT,6,23.848,23.461,-90504713.177,20.312,20.972
GPU_OPT,AA,unrooted,LG,tree_2,GPU_OPT,8,23.883,23.529,-90504713.177,20.312,20.964
GPU_OPT,AA,unrooted,LG,tree_2,GPU_OPT,9,23.841,23.472,-90504713.177,20.312,20.932
GPU_OPT,AA,unrooted,LG,tree_2,GPU_OPT,7,24.181,23.804,-90504713.177,20.312,21.196
GPU_OPT,AA,unrooted,LG,tree_2,GPU_OPT,4,23.393,23.036,-90504713.177,20.312,20.599
GPU_OPT,AA,unrooted,LG,tree_2,GPU_OPT,2,24.1,23.727,-90504713.177,20.312,21.134
GPU_OPT,AA,unrooted,LG,tree_2,GPU_OPT,10,24.61,24.03,-90504713.177,20.312,21.453
GPU_OPT,AA,unrooted,LG,tree_2,GPU_OPT,1,23.696,23.337,-90504713.177,20.312,20.813
GPU_OPT,AA,unrooted,LG,tree_3,GPU_OPT,9,30.346,29.981,-87357001.171,19.421,27.492
GPU_OPT,AA,unrooted,LG,tree_3,GPU_OPT,7,30.568,30.217,-87357001.171,19.421,27.665
GPU_OPT,AA,unrooted,LG,tree_3,GPU_OPT,4,29.658,29.332,-87357001.171,19.421,26.883
GPU_OPT,AA,unrooted,LG,tree_3,GPU_OPT,2,30.521,30.157,-87357001.171,19.421,27.651
GPU_OPT,AA,unrooted,LG,tree_3,GPU_OPT,1,30.422,30.065,-87357001.171,19.421,27.552
GPU_OPT,AA,unrooted,LG,tree_3,GPU_OPT,10,31.418,30.989,-87357001.171,19.421,28.351
GPU_OPT,AA,unrooted,LG,tree_3,GPU_OPT,3,30.156,29.823,-87357001.171,19.421,27.338
GPU_OPT,AA,unrooted,LG,tree_3,GPU_OPT,5,30.416,30.02,-87357001.171,19.421,27.531
GPU_OPT,AA,unrooted,LG,tree_3,GPU_OPT,6,29.993,29.631,-87357001.171,19.421,27.204
GPU_OPT,AA,unrooted,LG,tree_3,GPU_OPT,8,30.995,29.96,-87357001.171,19.421,27.472
GPU_OPT,AA,unrooted,LG,tree_4,GPU_OPT,6,30.149,29.757,-87712627.079,20.39,27.39
GPU_OPT,AA,unrooted,LG,tree_4,GPU_OPT,8,30.532,30.169,-87712627.079,20.39,27.656
GPU_OPT,AA,unrooted,LG,tree_4,GPU_OPT,5,30.188,29.818,-87712627.079,20.39,27.376
GPU_OPT,AA,unrooted,LG,tree_4,GPU_OPT,3,30.447,30.093,-87712627.079,20.39,27.541
GPU_OPT,AA,unrooted,LG,tree_4,GPU_OPT,1,30.15,29.797,-87712627.079,20.39,27.314
GPU_OPT,AA,unrooted,LG,tree_4,GPU_OPT,10,31.631,31.196,-87712627.079,20.39,28.527
GPU_OPT,AA,unrooted,LG,tree_4,GPU_OPT,2,30.329,29.968,-87712627.079,20.39,27.494
GPU_OPT,AA,unrooted,LG,tree_4,GPU_OPT,4,29.897,29.546,-87712627.079,20.39,27.106
GPU_OPT,AA,unrooted,LG,tree_4,GPU_OPT,9,30.5,30.131,-87712627.079,20.39,27.583
GPU_OPT,AA,unrooted,LG,tree_4,GPU_OPT,7,30.958,30.543,-87712627.079,20.39,28.011
GPU_OPT,AA,unrooted,LG,tree_5,GPU_OPT,10,31.116,30.685,-86382770.364,19.61,28.101
GPU_OPT,AA,unrooted,LG,tree_5,GPU_OPT,1,30.081,29.734,-86382770.364,19.61,27.195
GPU_OPT,AA,unrooted,LG,tree_5,GPU_OPT,2,30.156,29.787,-86382770.364,19.61,27.296
GPU_OPT,AA,unrooted,LG,tree_5,GPU_OPT,4,29.925,29.565,-86382770.364,19.61,27.077
GPU_OPT,AA,unrooted,LG,tree_5,GPU_OPT,9,30.165,29.799,-86382770.364,19.61,27.257
GPU_OPT,AA,unrooted,LG,tree_5,GPU_OPT,7,30.36,29.962,-86382770.364,19.61,27.446
GPU_OPT,AA,unrooted,LG,tree_5,GPU_OPT,6,29.928,29.565,-86382770.364,19.61,27.077
GPU_OPT,AA,unrooted,LG,tree_5,GPU_OPT,8,30.024,29.661,-86382770.364,19.61,27.179
GPU_OPT,AA,unrooted,LG,tree_5,GPU_OPT,5,30.278,29.908,-86382770.364,19.61,27.373
GPU_OPT,AA,unrooted,LG,tree_5,GPU_OPT,3,29.885,29.538,-86382770.364,19.61,27.022
GPU_OPT,AA,unrooted,LG,tree_6,GPU_OPT,5,30.218,29.835,-84301496.968,18.591,27.39
GPU_OPT,AA,unrooted,LG,tree_6,GPU_OPT,8,30.568,30.209,-84301496.968,18.591,27.659
GPU_OPT,AA,unrooted,LG,tree_6,GPU_OPT,6,30.447,30.053,-84301496.968,18.591,27.623
GPU_OPT,AA,unrooted,LG,tree_6,GPU_OPT,3,30.455,30.105,-84301496.968,18.591,27.581
GPU_OPT,AA,unrooted,LG,tree_6,GPU_OPT,2,30.51,30.135,-84301496.968,18.591,27.618
GPU_OPT,AA,unrooted,LG,tree_6,GPU_OPT,1,30.184,29.828,-84301496.968,18.591,27.373
GPU_OPT,AA,unrooted,LG,tree_6,GPU_OPT,10,31.415,31.045,-84301496.968,18.591,28.405
GPU_OPT,AA,unrooted,LG,tree_6,GPU_OPT,7,30.869,30.47,-84301496.968,18.591,27.91
GPU_OPT,AA,unrooted,LG,tree_6,GPU_OPT,9,30.67,30.302,-84301496.968,18.591,27.784
GPU_OPT,AA,unrooted,LG,tree_6,GPU_OPT,4,29.826,29.486,-84301496.968,18.591,27.045
GPU_OPT,AA,unrooted,LG,tree_7,GPU_OPT,2,30.356,29.993,-87134163.126,19.77,27.417
GPU_OPT,AA,unrooted,LG,tree_7,GPU_OPT,10,30.876,30.509,-87134163.126,19.77,27.888
GPU_OPT,AA,unrooted,LG,tree_7,GPU_OPT,1,30.059,29.706,-87134163.126,19.77,27.166
GPU_OPT,AA,unrooted,LG,tree_7,GPU_OPT,7,30.386,30.02,-87134163.126,19.77,27.471
GPU_OPT,AA,unrooted,LG,tree_7,GPU_OPT,9,30.203,29.841,-87134163.126,19.77,27.338
GPU_OPT,AA,unrooted,LG,tree_7,GPU_OPT,4,29.851,29.514,-87134163.126,19.77,27.015
GPU_OPT,AA,unrooted,LG,tree_7,GPU_OPT,5,29.831,29.463,-87134163.126,19.77,27.028
GPU_OPT,AA,unrooted,LG,tree_7,GPU_OPT,8,29.859,29.51,-87134163.126,19.77,26.999
GPU_OPT,AA,unrooted,LG,tree_7,GPU_OPT,6,29.845,29.481,-87134163.126,19.77,27.04
GPU_OPT,AA,unrooted,LG,tree_7,GPU_OPT,3,30.046,29.688,-87134163.126,19.77,27.156
GPU_OPT,DNA,unrooted,GTR,tree_1,GPU_OPT,1,44.482,44.11,-64343405.643,18.844,41.587
GPU_OPT,DNA,unrooted,GTR,tree_1,GPU_OPT,9,43.055,42.666,-64343405.643,18.844,40.287
GPU_OPT,DNA,unrooted,GTR,tree_1,GPU_OPT,6,42.982,42.64,-64343405.643,18.844,40.206
GPU_OPT,DNA,unrooted,GTR,tree_1,GPU_OPT,3,42.345,42.018,-64343405.643,18.844,39.652
GPU_OPT,DNA,unrooted,GTR,tree_1,GPU_OPT,4,43.021,42.692,-64343405.643,18.844,40.262
GPU_OPT,DNA,unrooted,GTR,tree_1,GPU_OPT,5,43.456,43.117,-64343405.643,18.844,40.696
GPU_OPT,DNA,unrooted,GTR,tree_1,GPU_OPT,2,43.233,42.88,-64343405.643,18.844,40.449
GPU_OPT,DNA,unrooted,GTR,tree_1,GPU_OPT,7,42.961,42.614,-64343405.643,18.844,40.218
GPU_OPT,DNA,unrooted,GTR,tree_1,GPU_OPT,10,42.964,42.627,-64343405.643,18.844,40.199
GPU_OPT,DNA,unrooted,GTR,tree_1,GPU_OPT,8,44.009,43.657,-64343405.643,18.844,41.184
GPU_OPT,DNA,unrooted,GTR,tree_2,GPU_OPT,6,48.17,47.816,-66217786.827,19.418,45.424
GPU_OPT,DNA,unrooted,GTR,tree_2,GPU_OPT,9,48.546,48.219,-66217786.827,19.418,45.826
GPU_OPT,DNA,unrooted,GTR,tree_2,GPU_OPT,1,49.736,49.388,-66217786.827,19.418,46.916
GPU_OPT,DNA,unrooted,GTR,tree_2,GPU_OPT,4,48.798,48.479,-66217786.827,19.418,46.053
GPU_OPT,DNA,unrooted,GTR,tree_2,GPU_OPT,3,47.725,47.427,-66217786.827,19.418,45.077
GPU_OPT,DNA,unrooted,GTR,tree_2,GPU_OPT,2,48.603,48.255,-66217786.827,19.418,45.842
GPU_OPT,DNA,unrooted,GTR,tree_2,GPU_OPT,5,49.124,48.794,-66217786.827,19.418,46.373
GPU_OPT,DNA,unrooted,GTR,tree_2,GPU_OPT,8,49.665,49.316,-66217786.827,19.418,46.834
GPU_OPT,DNA,unrooted,GTR,tree_2,GPU_OPT,10,48.377,48.036,-66217786.827,19.418,45.637
GPU_OPT,DNA,unrooted,GTR,tree_2,GPU_OPT,7,48.852,48.462,-66217786.827,19.418,46.006
GPU_OPT,DNA,unrooted,GTR,tree_3,GPU_OPT,7,43.05,42.732,-66775543.576,19.731,40.329
GPU_OPT,DNA,unrooted,GTR,tree_3,GPU_OPT,8,43.516,43.148,-66775543.576,19.731,40.69
GPU_OPT,DNA,unrooted,GTR,tree_3,GPU_OPT,10,43.256,42.946,-66775543.576,19.731,40.5
GPU_OPT,DNA,unrooted,GTR,tree_3,GPU_OPT,5,43.563,43.205,-66775543.576,19.731,40.755
GPU_OPT,DNA,unrooted,GTR,tree_3,GPU_OPT,2,43.751,43.398,-66775543.576,19.731,40.93
GPU_OPT,DNA,unrooted,GTR,tree_3,GPU_OPT,3,42.19,41.889,-66775543.576,19.731,39.55
GPU_OPT,DNA,unrooted,GTR,tree_3,GPU_OPT,4,43.008,42.682,-66775543.576,19.731,40.236
GPU_OPT,DNA,unrooted,GTR,tree_3,GPU_OPT,1,44.353,43.979,-66775543.576,19.731,41.463
GPU_OPT,DNA,unrooted,GTR,tree_3,GPU_OPT,9,42.751,42.424,-66775543.576,19.731,40.055
GPU_OPT,DNA,unrooted,GTR,tree_3,GPU_OPT,6,42.915,42.576,-66775543.576,19.731,40.218
GPU_OPT,DNA,unrooted,GTR,tree_4,GPU_OPT,3,58.572,58.244,-68796842.673,20.6,55.878
GPU_OPT,DNA,unrooted,GTR,tree_4,GPU_OPT,4,58.918,58.588,-68796842.673,20.6,56.174
GPU_OPT,DNA,unrooted,GTR,tree_4,GPU_OPT,9,58.843,58.513,-68796842.673,20.6,56.148
GPU_OPT,DNA,unrooted,GTR,tree_4,GPU_OPT,1,60.852,60.44,-68796842.673,20.6,57.974
GPU_OPT,DNA,unrooted,GTR,tree_4,GPU_OPT,6,58.786,58.445,-68796842.673,20.6,56.026
GPU_OPT,DNA,unrooted,GTR,tree_4,GPU_OPT,7,58.615,58.278,-68796842.673,20.6,55.906
GPU_OPT,DNA,unrooted,GTR,tree_4,GPU_OPT,8,60.196,59.794,-68796842.673,20.6,57.355
GPU_OPT,DNA,unrooted,GTR,tree_4,GPU_OPT,10,59.063,58.751,-68796842.673,20.6,56.354
GPU_OPT,DNA,unrooted,GTR,tree_4,GPU_OPT,5,60.228,59.877,-68796842.673,20.6,57.45
GPU_OPT,DNA,unrooted,GTR,tree_4,GPU_OPT,2,59.839,59.5,-68796842.673,20.6,57.084
GPU_OPT,DNA,unrooted,GTR,tree_5,GPU_OPT,2,48.844,48.421,-68054876.562,20.138,46.063
GPU_OPT,DNA,unrooted,GTR,tree_5,GPU_OPT,5,49.133,48.771,-68054876.562,20.138,46.338
GPU_OPT,DNA,unrooted,GTR,tree_5,GPU_OPT,8,49.728,49.38,-68054876.562,20.138,46.84
GPU_OPT,DNA,unrooted,GTR,tree_5,GPU_OPT,10,48.333,48.015,-68054876.562,20.138,45.629
GPU_OPT,DNA,unrooted,GTR,tree_5,GPU_OPT,7,48.133,47.808,-68054876.562,20.138,45.452
GPU_OPT,DNA,unrooted,GTR,tree_5,GPU_OPT,6,49.024,48.688,-68054876.562,20.138,46.207
GPU_OPT,DNA,unrooted,GTR,tree_5,GPU_OPT,1,49.641,49.293,-68054876.562,20.138,46.828
GPU_OPT,DNA,unrooted,GTR,tree_5,GPU_OPT,9,48.194,47.872,-68054876.562,20.138,45.508
GPU_OPT,DNA,unrooted,GTR,tree_5,GPU_OPT,4,49.027,48.7,-68054876.562,20.138,46.226
GPU_OPT,DNA,unrooted,GTR,tree_5,GPU_OPT,3,47.813,47.515,-68054876.562,20.138,45.164
